model,parameter_value,a,b,K0,n,n_over_n0,eps,mu_b,P,dP_dn,d2eps_dn2,vs2,quark_fraction,n_q,n_n,k_bu,k_f
vdw,,328.92332141994257,3.4140201144371347,762.5389523893134,0.00016,0.001,0.148924634433838,939.7310155121961,-1.8780943436808636e-05,0.856615357338219,-237.86358411917126,0.0009115537778343144,0.41358498398842,6.61735974381472e-05,9.382640256185281e-05,0.07614785887127082,0.12233911715383904
vdw,,328.92332141994257,3.4140201144371347,762.5389523893134,0.005914244604316546,0.036964028776978415,5.552428770024501,938.3622902667151,-0.0010252673649449938,-1.206439353611568,-237.86358411917044,-0.0012856861002680064,0.00011824211714150706,6.993128033071231e-07,0.005913545291513239,0.007828611556199495,0.4470605130334922
vdw,,328.92332141994257,3.4140201144371347,762.5389523893134,0.011668489208633092,0.07292805755395683,10.948056925756562,936.9105551451698,-0.013903075225345823,-3.23006867105959,-266.7152863918459,-0.0034475742143380015,0.0,0.0,0.011668489208633092,0.0,0.5645297155165824
vdw,,328.92332141994257,3.4140201144371347,762.5389523893134,0.01742273381294964,0.10889208633093525,16.33485378336713,935.3229891477417,-0.03819847780897812,-5.156882565083446,-285.07425562289444,-0.005513477830564556,0.0,0.0,0.01742273381294964,0.0,0.6497006943747097
vdw,,328.92332141994257,3.4140201144371347,762.5389523893134,0.023176978417266184,0.14485611510791366,21.712211452949795,933.6510022584313,-0.07325100257579681,-7.011689813735046,-296.0574147466121,-0.007509968710764834,0.0,0.0,0.023176978417266184,0.0,0.7195858950125769
vdw,,328.92332141994257,3.4140201144371347,762.5389523893134,0.02893122302158273,0.18082014388489207,27.079766267487756,931.9314741395345,-0.11889243436463047,-8.838248697988782,-301.59813768032024,-0.009483796763221525,0.0,0.0,0.02893122302158273,0.0,0.7803827686901403
vdw,,328.92332141994257,3.4140201144371347,762.5389523893134,0.03468546762589928,0.2167841726618705,32.43733476627016,930.1921933694832,-0.17496589233981621,-10.618716226892117,-302.92283410684155,-0.011415615291746744,0.0,0.0,0.03468546762589928,0.0,0.8351383583050707
vdw,,328.92332141994257,3.4140201144371347,762.5389523893134,0.04043971223021583,0.2527482014388489,37.784873086835205,928.4551585915134,-0.24109781547135556,-12.310943461257336,-300.8174993046686,-0.013259599397275475,0.0,0.0,0.04043971223021583,0.0,0.8856069366178217
vdw,,328.92332141994257,3.4140201144371347,762.5389523893134,0.04619395683453237,0.2887122302158273,43.122450939620315,926.738668465525,-0.31664625231178833,-13.869104851218925,-295.7821394040184,-0.014965497095511407,0.0,0.0,0.04619395683453237,0.0,0.9329055480780903
vdw,,328.92332141994257,3.4140201144371347,762.5389523893134,0.051948201438848915,0.3246762589928057,48.450235052093696,925.0587026759069,-0.40071025898500934,-15.249706680870542,-288.12275346664575,-0.016485123200028158,0.0,0.0,0.051948201438848915,0.0,0.9777981113271268
vdw,,328.92332141994257,3.4140201144371347,762.5389523893134,0.05770244604316546,0.36064028776978413,53.76847903671812,923.5099619331752,-0.49214733708340697,-16.236722074237168,-250.1723136460504,-0.017581534302292725,0.0,0.0,0.05770244604316546,0.0,1.020836232899638
vdw,,328.92332141994257,3.4140201144371347,762.5389523893134,0.06345669064748201,0.39660431654676254,59.0784394830668,921.9956043623204,-0.5875703997599425,-16.97493093583518,-276.17221113098,-0.0184110757746785,0.0,0.0,0.06345669064748201,0.0,1.0624360313223022
vdw,,328.92332141994257,3.4140201144371347,762.5389523893134,0.06921093525179856,0.43256834532374094,64.37925549992903,920.4629787856697,-0.6875031465757582,-17.599919797703635,-256.5217155404321,-0.01912072533424702,0.0,0.0,0.06921093525179856,0.0,1.1029232178455868
vdw,,328.92332141994257,3.4140201144371347,762.5389523893134,0.0749651798561151,0.4685323741007194,69.67157774136795,919.0397567944051,-0.7901188868246227,-17.890672679134006,-238.1468601391891,-0.019466701572885558,0.0,0.0,0.0749651798561151,0.0,1.1425611278047054
vdw,,328.92332141994257,3.4140201144371347,762.5389523893134,0.08071942446043165,0.5044964028776978,74.95601462330222,917.7265122802198,-0.8933977600387588,-17.8102613631272,-218.29689729205376,-0.019406937823856822,0.0,0.0,0.08071942446043165,0.0,1.1815690081742154
vdw,,328.92332141994257,3.4140201144371347,762.5389523893134,0.08647366906474818,0.5404604316546762,80.23322340442134,916.5336663766377,-0.9950880875251068,-17.31611879397433,-196.29997357649646,-0.018893052627767297,0.0,0.0,0.08647366906474818,0.0,1.220134454432649
vdw,,328.92332141994257,3.4140201144371347,762.5389523893134,0.09222791366906474,0.5764244604316546,85.50393243214668,915.4746989165689,-1.092680126314621,-16.36245504993166,-171.76483175774166,-0.017873191983673643,0.0,0.0,0.09222791366906474,0.0,1.2584221931790165
vdw,,328.92332141994257,3.4140201144371347,762.5389523893134,0.0979821582733813,0.6123884892086331,90.76895409767933,914.565202628469,-1.1833952248939898,-14.903550019231123,-144.34835099426385,-0.01629577637154593,0.0,0.0,0.0979821582733813,0.0,1.2965805112507442
vdw,,328.92332141994257,3.4140201144371347,762.5389523893134,0.10373640287769784,0.6483525179856114,96.02919619718776,913.8227947552597,-1.264197470881266,-12.897334344245976,-113.68999261508691,-0.014113605414822405,0.0,0.0,0.10373640287769784,0.0,1.3347461353596113
vdw,,328.92332141994257,3.4140201144371347,762.5389523893134,0.10949064748201438,0.6843165467625899,101.28567386972315,913.2672965566165,-1.3318240580148775,-10.3044791206343,-79.38424626079812,-0.011283092211323358,0.0,0.0,0.10949064748201438,0.0,1.3730480794462814
vdw,,328.92332141994257,3.4140201144371347,762.5389523893134,0.11524489208633093,0.7202805755395683,106.5395230242071,912.9210398773259,-1.3827864576416709,-7.035495830789495,-40.96401944584168,-0.007706576498373717,0.0,0.0,0.11524489208633093,0.0,1.4116108060039998
vdw,,328.92332141994257,3.4140201144371347,762.5389523893134,0.12099913669064748,0.7562446043165467,111.79201580548546,912.8092892471628,-1.4127919858609015,-2.9771330216523832,2.1229072417361956,-0.003261506052494017,0.0,0.0,0.12099913669064748,0.0,1.4505569434890933
vdw,,328.92332141994257,3.4140201144371347,762.5389523893134,0.12675338129496402,0.7922086330935252,117.04457887904812,912.9611631641369,-1.4170487608940225,2.0500467480109443,50.663836255049674,0.0022454917369167174,0.0,0.0,0.12675338129496402,0.0,1.4900097380410913
vdw,,328.92332141994257,3.4140201144371347,762.5389523893134,0.13250762589928056,0.8281726618705034,122.29881949966104,913.4109150792301,-1.3891990449842242,8.518573654962834,105.65621825115096,0.00932611326877337,0.0,0.0,0.13250762589928056,0.0,1.5300953792692948
vdw,,328.92332141994257,3.4140201144371347,762.5389523893134,0.13826187050359712,0.864136690647482,127.55655853828512,914.1991873345827,-1.3190128479129366,17.204621087979387,168.32318636478408,0.01881933535528594,0.0,0.0,0.13826187050359712,0.0,1.5709453184808955
vdw,,328.92332141994257,3.4140201144371347,762.5389523893134,0.14401611510791365,0.9001007194244603,132.81987098164223,915.3749588063673,-1.191199848854592,29.10578323619216,240.33913254414125,0.03179656921590425,0.0,0.0,0.14401611510791365,0.0,1.6126986888365504
vdw,,328.92332141994257,3.4140201144371347,762.5389523893134,0.1497703597122302,0.9360647482014388,138.09114137356116,916.9989694150383,-0.9840492556304051,45.39891382915232,324.1174452846065,0.04950814051417384,0.0,0.0,0.1497703597122302,0.0,1.6555049382849731
vdw,,328.92332141994257,3.4140201144371347,762.5389523893134,0.15552460431654674,0.9720287769784172,143.37314372548286,919.1492953441293,-0.6687269389681288,67.31176969437266,423.270292621313,0.07323268378198684,0.0,0.0,0.15552460431654674,0.0,1.6995267971788888
vdw,,328.92332141994257,3.4140201144371347,762.5389523893134,0.16127884892086328,1.0079928057553955,148.66916112015176,921.9299835348907,-0.20939248048872314,95.97824798166222,543.2121501575914,0.10410578861277474,0.0,0.0,0.16127884892086328,0.0,1.7449437240552053
vdw,,328.92332141994257,3.4140201144371347,762.5389523893134,0.16703309352517984,1.043956834532374,153.98316499210944,925.4826418088447,0.4358376921923418,132.29773439136778,691.5835591833323,0.14294998999958924,0.0,0.0,0.16703309352517984,0.0,1.791956007496269
vdw,,328.92332141994257,3.4140201144371347,762.5389523893134,0.17278733812949637,1.0799208633093522,159.3200681161861,929.9975362735453,1.3131545680809404,176.8119393626501,877.6561152342106,0.1901208685682404,0.0,0.0,0.17278733812949637,0.0,1.8407897534565836
vdw,,328.92332141994257,3.4140201144371347,762.5389523893134,0.1785415827338129,1.1158848920863307,164.68603160236887,935.7155556317916,2.4706759883048846,229.60607722529812,1109.7530935989228,0.2453802075249983,0.0,0.0,0.1785415827338129,0.0,1.8917030627501525
vdw,,328.92332141994257,3.4140201144371347,762.5389523893134,0.18429582733812946,1.1518489208633091,170.08874049052469,942.9106723679021,3.9555736300648605,290.238307215276,1391.0501328455439,0.30781103207413024,2.132879570435563e-05,3.930808050460162e-06,0.184291896530079,0.018560439692656968,1.9449570857676983
vdw,,328.92332141994257,3.4140201144371347,762.5389523893134,0.19005007194244602,1.1878129496402876,175.53750890001987,951.8507183858653,5.810880414823833,357.69940484393203,1716.2373158864184,0.3757935965531586,0.0001519543639002604,2.887893779121311e-05,0.1900211930046548,0.05030661706206235,2.0007316431494955
vdw,,328.92332141994257,3.4140201144371347,762.5389523893134,0.19580431654676259,1.223776978417266,181.0431042112981,962.7483722257284,8.072153370645742,430.40194253222097,2071.4549319139883,0.4470554871333585,0.000456515645798605,8.938773401849981e-05,0.19571492881274408,0.08849981268833404,2.0592701005448317
vdw,,328.92332141994257,3.4140201144371347,762.5389523893134,0.2015585611510791,1.2597410071942443,186.61728815240872,975.7204224813413,10.764156525830607,506.19997260263415,2437.2342697518216,0.5187961232945436,0.0010268007364137386,0.00020696047902042157,0.20135160067205868,0.13464390159952316,2.1207913834179735
vdw,,328.92332141994257,3.4140201144371347,762.5389523893134,0.20731280575539565,1.2957050359712228,192.2721721640675,990.7664069272154,13.89775029275351,582.4446379800094,2792.2912302910754,0.587872816344688,0.0019971438526211133,0.0004140334955840234,0.20689877225981163,0.19039454280260565,2.1854387035017577
vdw,,328.92332141994257,3.4140201144371347,762.5389523893134,0.2130670503597122,1.3316690647482012,198.0195126548068,1007.7667052566923,17.46721435664977,656.0843480280695,3116.494196286601,0.6510280053963041,0.00356139292608427,0.00075881548593272,0.2123082348737795,0.25764901658878037,2.2531979428511724
vdw,,328.92332141994257,3.4140201144371347,762.5389523893134,0.21882129496402875,1.3676330935251797,203.87004441633388,1026.494125698809,21.448289931987627,723.8226244362562,3392.5862234320884,0.7051405422739244,0.005982687863519359,0.0013091395056608847,0.21751215545836786,0.3381996384774586,2.3237914591767757
vdw,,328.92332141994257,3.4140201144371347,762.5389523893134,0.22457553956834528,1.403597122302158,209.83290922313677,1046.6326613354088,25.79731921893889,782.3489390907462,3606.9548184955465,0.7474914246346369,0.009591752137887537,0.002154072911771923,0.22242146665657336,0.4333942609051066,2.3965516568796255
vdw,,328.92332141994257,3.4140201144371347,762.5389523893134,0.23032978417266184,1.4395611510791364,215.91520510471537,1067.7991482930913,30.45194425489903,828.6463287235941,3749.870764415749,0.776032018800736,0.014738139271010624,0.0033946324373985088,0.22693515173526332,0.543286070558032,2.4703843158095378
vdw,,328.92332141994257,3.4140201144371347,762.5389523893134,0.23608402877697837,1.4755251798561149,222.12166419825542,1089.5656846812835,35.3337865508278,860.343530835363,3815.5137073754313,0.7896206194186706,0.021697059500805596,0.005122329219564,0.23096169955741438,0.6660608761439363,2.543905128204014
vdw,,328.92332141994257,3.4140201144371347,762.5389523893134,0.24183827338129493,1.5114892086330933,228.45446002896685,1111.4820959076367,40.3531984952351,876.0290053664601,3801.9626890624354,0.7881629480060086,0.0305597172601581,0.007390509257217192,0.23444776412407775,0.7980316341885757,2.6157878513202886
vdw,,328.92332141994257,3.4140201144371347,762.5389523893134,0.2475925179856115,1.5474532374100718,234.91314390459738,1133.097981689611,45.415556905537315,875.4244864748957,3711.0602247546076,0.7725938097334819,0.04118894517670617,0.010198074649471988,0.23739444333613952,0.9345784140503159,2.6851211917864304
vdw,,328.92332141994257,3.4140201144371347,762.5389523893134,0.253346762589928,1.58341726618705,241.49470592356565,1153.984633320015,50.42801175080458,859.3643350244635,3548.5031294816404,0.7446930489464763,0.053273013924678245,0.013496545611225388,0.23985021697870262,1.071401865825528,2.7515427641689194
vdw,,328.92332141994257,3.4140201144371347,762.5389523893134,0.25910100719424456,1.6193812949640285,248.19376360408916,1173.7577569611522,55.30554208145048,829.612992603567,3324.0318428098885,0.7068008604700746,0.06643146457658958,0.01721245938118314,0.2418885478130614,1.2053324748416865,2.815119059130685
vdw,,328.92332141994257,3.4140201144371347,762.5389523893134,0.2648552517985611,1.655345323741007,255.00288440310248,1192.1007367424825,59.97560392352456,788.603796386997,3051.4287233156174,0.6615244602078886,0.08030246660351018,0.021268530012318234,0.24358672178624288,1.3344587212380499,2.8761370502968395
vdw,,328.92332141994257,3.4140201144371347,762.5389523893134,0.2706094964028777,1.6913093525179854,261.9130420684936,1208.7871602180855,64.38118036205735,739.1720516350877,2748.263372875621,0.6114989271574729,0.09458570845677143,0.025595790932396327,0.24501370547048135,1.4578641400034478,2.9349412236360477
vdw,,328.92332141994257,3.4140201144371347,762.5389523893134,0.27636374100719424,1.7272733812949639,268.9141983920066,1223.6999713609225,68.48235750309017,684.3175583051151,2434.9751469622,0.5592200492936679,0.10905099845277053,0.030137741892977413,0.24622599911421683,1.5752851046825522,2.9918479724576525
vdw,,328.92332141994257,3.4140201144371347,762.5389523893134,0.28211798561151075,1.7632374100719421,275.9959799835054,1236.8420820296144,72.2566415970899,627.0033553369421,2132.821869811604,0.5069388925610064,0.1235299557192304,0.0348500222701884,0.24726796334132234,1.686833277109733,3.047116941791836
vdw,,328.92332141994257,3.4140201144371347,762.5389523893134,0.2878722302158273,1.7992014388489206,283.14838214582767,1248.3313367540304,75.69821885176209,569.986752319143,1860.4928098609264,0.45659892973707544,0.13790345762021516,0.03969857589960516,0.24817365431622215,1.792814483557014,3.100948410390178
vdw,,328.92332141994257,3.4140201144371347,762.5389523893134,0.29362647482014387,1.835165467625899,290.3623877013377,1258.374444670793,78.81632798521859,515.6786256360915,1630.185326841496,0.40979743972073407,0.15208735436421425,0.04465687372668625,0.24896960109345762,1.8936069201740109,3.153501371122262
vdw,,328.92332141994257,3.4140201144371347,762.5389523893134,0.29938071942446043,1.8711294964028777,297.6303708627412,1267.2228521066208,81.63290075001781,466.03033760491894,1445.2513444407962,0.3677572076846578,0.1660250151385989,0.04970468847465068,0.24967603094980975,1.9896159666455269,3.2048944126735806
vdw,,328.92332141994257,3.4140201144371347,762.5389523893134,0.30513496402877693,1.9070935251798558,304.94620821973996,1275.1249829734763,84.17963309644043,422.450225668732,1301.2884397483224,0.33130103425910157,0.17967926559494196,0.05482642624402967,0.25030853778474726,2.081237959763597,3.255217836978385
vdw,,328.92332141994257,3.4140201144371347,762.5389523893134,0.3108892086330935,1.9430575539568342,312.30513296894986,1282.2926059678268,86.49466461331102,385.75384901296053,1189.9588002386251,0.300831375941537,0.1930256921523416,0.060009604679096606,0.2508796039539969,2.168838486499264,3.304546957291471
vdw,,328.92332141994257,3.4140201144371347,762.5389523893134,0.31664345323741006,1.979021582733813,319.70345883783074,1288.889042667274,88.61907710499477,356.1557141503001,1102.7614968786188,0.2763276762856626,0.20605066182182918,0.06524459310111776,0.2513988601362923,2.25275693658873,3.352938952365039
vdw,,328.92332141994257,3.4140201144371347,762.5389523893134,0.3223976978417266,2.014985611510791,327.13829860761166,1295.0337213761184,90.59347880620277,333.3110362151331,1032.9414950410476,0.2573763375527803,0.21874753574511158,0.07052370193277477,0.2518739959089519,2.3332998835891487,3.4004411894318918
vdw,,328.92332141994257,3.4140201144371347,762.5389523893134,0.3281519424460431,2.0509496402877696,334.6073404451037,1300.8129625643924,92.45498356839494,316.41295792775264,975.7465554943174,0.24324246992740872,0.2311140950428578,0.0758405392149732,0.25231140323106993,2.4107398790960426,3.4470967432821533
vdw,,328.92332141994257,3.4140201144371347,762.5389523893134,0.3339061870503597,2.086913669064748,342.108690549734,1306.290222919093,94.23491391798598,304.3445031352045,927.982163510035,0.23298383299164793,0.24315191823043858,0.08118992989030659,0.2527162571600531,2.4853220312153796,3.4929425000859213
vdw,,328.92332141994257,3.4140201144371347,762.5389523893134,0.33966043165467624,2.1228776978417265,349.64076737891105,1311.513568036677,95.95752899843325,295.87174761856073,887.4933599529484,0.2255956437122323,0.2548659126874817,0.08656786591749306,0.2530925657371832,2.557269234184037,3.538007586034589
vdw,,328.92332141994257,3.4140201144371347,762.5389523893134,0.34541467625899275,2.1588417266187045,357.2022302944599,1316.520549664409,97.63995073259359,289.8449089397298,852.7808105180417,0.22015980609920102,0.2662611675200093,0.09197051497926544,0.2534441612797273,2.626774203410201,3.5823259476749856
vdw,,328.92332141994257,3.4140201144371347,762.5389523893134,0.3511689208633093,2.194805755395683,364.7919299176676,1321.341278904215,99.29320600514336,285.35659182204625,822.7577080204718,0.21595979507935434,0.2773460049232899,0.0973952972546618,0.2537736236086475,2.69401829233212,3.625919293864229
vdw,,328.92332141994257,3.4140201144371347,762.5389523893134,0.35692316546762587,2.2307697841726615,372.40887214365057,1326.000382072654,100.92397399018994,281.8098540508653,796.6045154545958,0.21252622386908512,0.2881279842720527,0.10283955220618737,0.25408361326143847,2.759157985177508,3.668815232270331
vdw,,328.92332141994257,3.4140201144371347,762.5389523893134,0.3626774100719424,2.26673381294964,380.05219100539404,1330.5182905950849,102.5364116693742,278.8853990039536,773.6827535439055,0.20960658788029127,0.29861605759419974,0.10830129837415833,0.25437611169778407,2.822337811542755,3.7110354052749877
vdw,,328.92332141994257,3.4140201144371347,762.5389523893134,0.36843165467625894,2.3026978417266184,387.721127532853,1334.9121320407737,104.13352359507226,276.447025388462,753.4825819023127,0.2070900539092697,0.30881895921054636,0.11377868013734171,0.2546529745389172,2.8836862707374586,3.7526026808621205
vdw,,328.92332141994257,3.4140201144371347,762.5389523893134,0.3741858992805755,2.338661870503597,395.4150128714587,1339.1963746959113,105.71789927781604,274.4449759360247,735.5895551853649,0.20493258578178453,0.3187454636481435,0.11927005795678455,0.25491584132379097,2.9433193361666006,3.7935392426317858
vdw,,328.92332141994257,3.4140201144371347,762.5389523893134,0.37994014388489206,2.3746258992805753,403.1332545592815,1343.3833126906845,107.29197063899558,272.8540600022906,719.6624483990522,0.2031096094649164,0.3284052168795369,0.12477432535376043,0.2551658185311316,3.0013456601710535,3.833861724329548
vdw,,328.92332141994257,3.4140201144371347,762.5389523893134,0.3856943884892086,2.410589928057554,410.87532522861727,1347.4834426342072,108.85803728288414,271.64808416013824,705.4177230093454,0.20159660264848303,0.337807119929465,0.13029031054849577,0.25540407794071285,3.0578616335437796,3.8735892188149577
vdw,,328.92332141994257,3.4140201144371347,762.5389523893134,0.3914486330935252,2.4465539568345323,418.6407532176491,1351.5057628156846,110.41822968409839,270.7951075680943,692.6181472235825,0.20036548494172032,0.34695894689037315,0.13581660549980556,0.2556320275937196,3.1129514223107133,3.912745208022917
vdw,,328.92332141994257,3.4140201144371347,762.5389523893134,0.3972028776978416,2.4825179856115103,426.4291147153869,1355.4580148515508,111.97447985608217,270.25990232337483,681.0641717037009,0.19938640619051087,0.3558706038283491,0.1413528279286888,0.2558500497691528,3.1667006983549797,3.9513400046451883
vdw,,328.92332141994257,3.4140201144371347,762.5389523893134,0.4029571223021582,2.5184820143884887,434.2400271543233,1359.3468812000647,113.52851285351316,270.0071190660121,670.5872146867599,0.19863003535024348,0.364549633760465,0.14689787135642268,0.2560592509457355,3.2191801462920955,3.9893945734056317
vdw,,328.92332141994257,3.4140201144371347,762.5389523893134,0.40871136690647475,2.554446043165467,442.07314362846694,1363.178148009959,115.08185387210749,270.0033599916924,661.044328059966,0.19806902009532493,0.3730044475023072,0.1524511576008624,0.25626020930561233,3.2704587455255996,4.026923207540357
vdw,,328.92332141994257,3.4140201144371347,762.5389523893134,0.4144656115107913,2.5904100719424457,449.9281481601404,1366.9568402704258,116.63584360827224,270.21816801928617,652.3139040987759,0.19767863919231624,0.3812427453467548,0.15801200758419562,0.25645360392659566,3.320598396714889,4.063941974353447
vdw,,328.92332141994257,3.4140201144371347,762.5389523893134,0.42021985611510787,2.626374100719424,457.80475167338636,1370.687334553913,118.19165674273405,270.62432027222167,644.2921806299136,0.19743694528285383,0.38927220131292084,0.1635799084253269,0.25663994768978093,3.369657082385543,4.100464993916477
vdw,,328.92332141994257,3.4140201144371347,762.5389523893134,0.42597410071942443,2.6623381294964026,465.7026885582642,1374.3734534635284,119.75032067771878,271.1977520193557,636.8903769729696,0.19732464370285685,0.39710033398847533,0.16915445766612386,0.2568196430533006,3.4176888489329107,4.136505127475695
vdw,,328.92332141994257,3.4140201144371347,762.5389523893134,0.431728345323741,2.698302158273381,473.6217137312032,1378.018545043474,121.31273314525437,271.91731270559427,630.0323315998703,0.19732485726236418,0.40473345810326916,0.17473490616408005,0.25699343915966094,3.464740437492785,4.172079915939671
vdw,,328.92332141994257,3.4140201144371347,762.5389523893134,0.43748258992805755,2.7342661870503595,481.5616001131933,1381.6255497501702,122.87967813663163,272.76446323630347,623.652540949239,0.19742285692793216,0.41217917629722806,0.18032121356092476,0.25716137636713277,3.510860683332086,4.207197621901694
vdw,,328.92332141994257,3.4140201144371347,762.5389523893134,0.44323683453237406,2.770230215827338,489.5221364608748,1385.1970571116312,124.45184002690796,273.7229685857894,617.694536571661,0.1976057970817147,0.41944353928400235,0.1859128266172967,0.25732400791507737,3.556090540696381,4.2418732585620385
vdw,,328.92332141994257,3.4140201144371347,762.5389523893134,0.44899107913669056,2.806194244604316,497.50312549679273,1388.7353537879428,126.02981596675617,274.77861008714837,612.1095192600739,0.19786247202367005,0.4265328031902753,0.19150942359159936,0.25748165554509117,3.600469716319618,4.276118759472979
vdw,,328.92332141994257,3.4140201144371347,762.5389523893134,0.4547453237410071,2.8421582733812945,505.50438229359054,1392.2424644367159,127.6141266958591,275.9189266062254,606.8552241395614,0.19818309931945569,0.43345254201620215,0.19711051654552034,0.2576348071954868,3.6440337373329177,4.309948116437212
vdw,,328.92332141994257,3.4140201144371347,762.5389523893134,0.4604995683453237,2.878122302158273,513.5257328745635,1395.7201865577638,129.20522595606155,277.13298648023186,601.894962962029,0.19855913036818598,0.44020915456358456,0.20271612565819055,0.25778344268713316,3.6868194499515696,4.343368697084964
vdw,,328.92332141994257,3.4140201144371347,762.5389523893134,0.46625381294964025,2.9140863309352514,521.567012998862,1399.1701202631705,130.80350868012312,278.4111887652032,597.1968180230381,0.198983086283201,0.44680831380513575,0.20832607996924393,0.2579277329803963,3.728859718901108,4.376390254206107
vdw,,328.92332141994257,3.4140201144371347,762.5389523893134,0.4720080575539568,2.95005035971223,529.6280671046541,1402.5936937792546,132.4093181175286,279.7450909671311,592.732964770363,0.19944841632173943,0.45325438232704174,0.21393972058000546,0.2580683369739514,3.7701816247909816,4.409028577742485
vdw,,328.92332141994257,3.4140201144371347,762.5389523893134,0.4777623021582733,2.9860143884892083,537.7087473878173,1405.992185342022,134.02295204068642,281.12726015242004,588.4790957033614,0.19994937602304877,0.4595531128302647,0.219557153149788,0.25820514900848535,3.8108159517477045,4.44128960991357
vdw,,328.92332141994257,3.4140201144371347,762.5389523893134,0.48351654676258987,3.0219784172661868,545.8089129970851,1409.3667420275503,135.64466815724532,282.5511443785543,584.4139311255174,0.20048092235529066,0.4657094120685601,0.22517820671822616,0.25833834004436373,3.8507895412496476,4.473182672158026
vdw,,328.92332141994257,3.4140201144371347,762.5389523893134,0.48927079136690643,3.0579424460431652,553.9284293294478,1412.7183959898464,137.27468883665395,284.01096160484764,580.5188073200402,0.20103862341641718,0.47172713339788885,0.23080230786682732,0.2584684835000791,3.890124751532346,4.5047219266133345
vdw,,328.92332141994257,3.4140201144371347,762.5389523893134,0.495025035971223,3.0939064748201437,562.0671674121718,1416.0480784896558,138.91320524400822,285.50160364080375,576.7773205846055,0.20161858059601845,0.47761209505299174,0.2364299445338984,0.2585950914373246,3.92884981490018,4.535908160154988
vdw,,328.92332141994257,3.4140201144371347,762.5389523893134,0.5007792805755394,3.1298705035971213,570.2250033596515,1419.3566320340146,140.56038096120156,287.01855299965086,573.1750265518588,0.20221736138882712,0.48336738705001286,0.24206037234058375,0.2587189082349557,3.966982970322933,4.566757301233479
vdw,,328.92332141994257,3.4140201144371347,762.5389523893134,0.5065335251798561,3.1658345323741,578.401817895137,1422.6448209086832,142.21635516388218,288.5578108237451,569.6991822395858,0.20283194131296603,0.48899763714207833,0.24769369694619706,0.25883982823365903,4.004547015926232,4.597274566365727
vdw,,328.92332141994257,3.4140201144371347,762.5389523893134,0.5122877697841726,3.2017985611510786,586.5974959287969,1425.913340332829,143.88124541313343,290.11583431920883,566.3385251925511,0.20345965362207186,0.4945068526585154,0.2533298126914213,0.25895795709275127,4.041562051577406,4.627467634748254
vdw,,328.92332141994257,3.4140201144371347,762.5389523893134,0.5180420143884892,3.237762589928057,594.8119261848034,1429.1628244268031,145.5551501123984,291.68948233166356,563.083081784873,0.20409814567395565,0.49989820285504616,0.2589682719962137,0.2590737423922755,4.078044843922495,4.657348168324682
vdw,,328.92332141994257,3.4140201144371347,762.5389523893134,0.5237962589928057,3.2737266187050356,603.0450008710924,1432.3938531598228,147.23815067281916,293.2759679000001,559.9240043567146,0.2047453409919633,0.5051766284256021,0.26460962809992905,0.25918663089287663,4.114017570601719,4.6869155110336775
vdw,,328.92332141994257,3.4140201144371347,762.5389523893134,0.5295505035971223,3.3096906474820145,611.2966153864056,1435.6069584215297,148.93031342412698,294.87281686064523,556.8534295732455,0.20539940624477196,0.5103442434815201,0.2702530511435314,0.2592974524535909,4.149492562222432,4.716185606586239
vdw,,328.92332141994257,3.4140201144371347,762.5389523893134,0.5353047482014388,3.3456546762589925,619.5666680599252,1438.802629342654,150.63169130357915,296.4778317065186,553.8643590702889,0.206058722482298,0.5154051382388913,0.2758988177466975,0.2594059304547413,4.184488313460474,4.745160844557598
vdw,,328.92332141994257,3.4140201144371347,762.5389523893134,0.5410589928057553,3.3816187050359705,627.8550599195484,1441.981316950048,152.34232535092036,298.0890599446775,550.9505474853021,0.2067218600135328,0.5203627176574878,0.2815469279094259,0.2595120648963294,4.219020667172195,4.7738468301047146
vdw,,328.92332141994257,3.4140201144371347,762.5389523893134,0.5468132374100719,3.4175827338129494,636.1616944850954,1445.1434382570774,154.06224603316406,299.7047663061356,548.1064181005029,0.20738755639896622,0.5252196180752149,0.2871970397109898,0.2596161976990821,4.253102603909539,4.80225308716585
vdw,,328.92332141994257,3.4140201144371347,762.5389523893134,0.5525674820143884,3.4535467625899274,644.4864775836569,1448.289379868048,155.79147441973043,301.32340836294145,545.3269783862216,0.20805469718378705,0.529978602369388,0.2928489418327575,0.25971854018163093,4.286747226007952,4.830387393689027
vdw,,328.92332141994257,3.4140201144371347,762.5389523893134,0.5583217266187049,3.489510791366906,652.8293171842846,1451.4195011452298,157.5300232266175,302.9436150965223,542.6077523855321,0.20872229900279507,0.5346433826989112,0.29850301655372113,0.2598187100649838,4.319970454450455,4.858250371083665
vdw,,328.92332141994257,3.4140201144371347,762.5389523893134,0.5640759712230216,3.525474820143885,661.1901232497864,1454.5341370092276,159.27789774489307,304.56416797393143,539.9447208483222,0.20938949470114723,0.5392163516462651,0.3041589872542013,0.25991698396882024,4.352783633084953,4.88585030522864
vdw,,328.92332141994257,3.4140201144371347,762.5389523893134,0.5698302158273381,3.561438848920863,669.5688076036438,1457.6336004123168,161.0350966670818,306.18398429913753,537.3342675179595,0.21005552027102567,0.5436998051510763,0.30981657731451945,0.2600136385128186,4.385197566734741,4.913195302118773
vdw,,328.92332141994257,3.4140201144371347,762.5389523893134,0.5755844604316546,3.597402877697841,677.9652838102725,1460.718184519878,162.80161282405595,307.802102517692,534.773131344224,0.21071970334843415,0.5480970920880637,0.31547616901366704,0.2601082914179875,4.417226261337016,4.940285632365922
vdw,,328.92332141994257,3.4140201144371347,762.5389523893134,0.5813387050359712,3.6333669064748197,686.379467067045,1463.7881646521266,164.57743384230125,309.4176691724811,532.2583709126282,0.21138145303013506,0.5524094559879464,0.3211369977936581,0.26020170724231306,4.448876698415254,4.967134796506129
vdw,,328.92332141994257,3.4140201144371347,762.5389523893134,0.5870929496402877,3.6693309352517978,694.8112741068963,1466.8438000085446,166.36254273068786,311.02992735550225,529.7873245817,0.21204025087994405,0.5566406961839807,0.32679982821247644,0.26029312142781125,4.480163948073992,4.993738398593346
vdw,,328.92332141994257,3.4140201144371347,762.5389523893134,0.5928471942446043,3.7052949640287767,703.2606231101937,1469.8853351960586,168.156918404834,312.6382065036514,527.357582060751,0.21269564299854085,0.5607917750790883,0.3324638304110887,0.2603833638335156,4.511093743481661,5.020110388760903
vdw,,328.92332141994257,3.4140201144371347,762.5389523893134,0.5986014388489208,3.741258992805755,711.7274336249283,1472.9130015874414,169.96053615644155,314.24191331676025,524.9669538519629,0.21334723298530464,0.564866214219961,0.33812972858921136,0.26047171025970944,4.541679914558226,5.0462466642957216
vdw,,328.92332141994257,3.4140201144371347,762.5389523893134,0.6043556834532374,3.777223021582734,720.2116264942182,1475.9270185306048,171.77336807314015,315.84052364219747,522.613449973169,0.2139946756694245,0.5688648629934603,0.343796713066945,0.26055897038629244,4.571927545143466,5.072160639356559
vdw,,328.92332141994257,3.4140201144371347,762.5389523893134,0.6101099280575538,3.813187050359711,728.7131237904176,1478.9275944379856,173.59538341442678,317.43357530720266,520.2952595835898,0.21463767158109734,0.5727908796654178,0.349465402384691,0.26064452567286284,4.6018490063093385,5.097849247792684
vdw,,328.92332141994257,3.4140201144371347,762.5389523893134,0.6158641726618704,3.84915107913669,737.2318487551573,1481.91492774833,175.42654894902088,319.0206617395759,518.0107269633112,0.21527596204480262,0.5766451569782189,0.3551350925218652,0.26072908014000523,4.631449277628683,5.123324407502821
vdw,,328.92332141994257,3.4140201144371347,762.5389523893134,0.6216184172661869,3.885115107913668,745.7677257445216,1484.8892077911921,177.26682925738768,320.6014262368867,515.7583417450554,0.21590932478645253,0.5804306822273024,0.3608064020188688,0.2608120152473181,4.660739932435919,5.1485828893836825
vdw,,328.92332141994257,3.4140201144371347,762.5389523893134,0.6273726618705036,3.921079136690647,754.320680179038,1487.8506155675634,179.11618700314048,322.1755568626151,513.536719556214,0.21653757002998336,0.5841481928513321,0.3664786066759845,0.2608940551945191,4.689725242735818,5.17363657569726
vdw,,328.92332141994257,3.4140201144371347,762.5389523893134,0.6331269064748201,3.9570431654676255,762.8906384978391,1490.7993244373251,180.97458317682646,323.7427818691447,511.34458894765936,0.21716053701012744,0.5878005840313806,0.3721523653918805,0.26097454108293955,4.718416272145059,5.198481629570646
vdw,,328.92332141994257,3.4140201144371347,762.5389523893134,0.6388811510791367,3.9930071942446044,771.4775281165626,1493.7355007453405,182.8419773146544,325.3028655862522,509.1807831671245,0.21777809084937286,0.5913888515728785,0.3778271902282493,0.2610539608508874,4.746817931627634,5.223127043647959
vdw,,328.92332141994257,3.4140201144371347,762.5389523893134,0.6446353956834533,4.028971223021583,780.0812773887192,1496.6593043834173,184.7183276949633,326.8556048032806,507.044226061416,0.21839011981282952,0.5949148765525181,0.38350318684440526,0.26113220883904803,4.774937870182802,5.247575034603489
vdw,,328.92332141994257,3.4140201144371347,762.5389523893134,0.6503896402877698,4.064935251798561,788.7018155700595,1499.5708892947387,186.6035915153142,328.40082553230724,504.93392625314533,0.21899653285931486,0.5983800481628045,0.3891801842799848,0.261209456007785,4.80278209198762,5.271830821539273
vdw,,328.92332141994257,3.4140201144371347,762.5389523893134,0.6561438848920864,4.10089928057554,797.339072785748,1502.4704039264766,188.49772505170807,329.9383800346576,502.84896484900713,0.21959725740514696,0.601786227970853,0.39485835349535026,0.26128553139673616,4.830358027053324,5.295895729787459
vdw,,328.92332141994257,3.4140201144371347,762.5389523893134,0.6618981294964028,4.136863309352518,805.9929799999378,1505.3579916433123,190.40068380145692,331.4681441286409,500.78849424826626,0.22019223730748347,0.6051349545212414,0.4005376944905005,0.26136043500590234,4.857672008233045,5.319772915075152
vdw,,328.92332141994257,3.4140201144371347,762.5389523893134,0.6676523741007195,4.172827338129497,814.6634689877047,1508.233791100291,192.31242261141819,332.9900148495763,498.75172509566977,0.2207814311113216,0.6084274572560608,0.4062180363050731,0.26143433779564645,4.884729324433474,5.343467336033805
vdw,,328.92332141994257,3.4140201144371347,762.5389523893134,0.6734066187050359,4.208791366906475,823.3504723089113,1511.0979365745309,194.23289579393585,334.5039083384704,496.73792512771297,0.22136481047465972,0.6116650205663801,0.41189927327975223,0.2615073454252837,4.91153537978076,5.366983135692568
vdw,,328.92332141994257,3.4140201144371347,762.5389523893134,0.6791608633093525,4.244755395683454,832.0539232839603,1513.9505582669037,196.16205723077704,336.00833272558395,494.7464098438957,0.22194141736717599,0.6148490408881715,0.417581405414538,0.26157945789481457,4.938095876399909,5.390323213851508
vdw,,328.92332141994257,3.4140201144371347,762.5389523893134,0.684915107913669,4.280719424460432,840.7737559711301,1516.791782581149,198.09984406511904,337.5040149672629,492.7765439420094,0.2225117638710614,0.617981021995641,0.42326453836874395,0.2616505695449251,4.964416801234293,5.413489246743193
vdw,,328.92332141994257,3.4140201144371347,762.5389523893134,0.6906693525179856,4.31668345323741,849.5099051455387,1519.621732373928,200.0462185448981,338.9945490910982,490.82772990856546,0.22307824497977302,0.6210622645677615,0.42894867214236965,0.2617206803756159,4.990503448338635,5.436484004176797
vdw,,328.92332141994257,3.4140201144371347,762.5389523893134,0.6964235971223022,4.352647482014389,858.2623062793598,1522.4405271822193,202.0011591751194,340.479093323253,488.899411400908,0.22364032436355485,0.6240938745787102,0.4346337010761003,0.2617898960462019,5.01636045043041,5.4593113346579
vdw,,328.92332141994257,3.4140201144371347,762.5389523893134,0.7021778417266187,4.388611510791367,867.030895523401,1525.2482834338762,203.96461851617394,341.9553049095918,486.9910641449744,0.2241964856631268,0.6270766782778794,0.44031934855025856,0.2618584931763601,5.041991515375832,5.481976857477446
vdw,,328.92332141994257,3.4140201144371347,762.5389523893134,0.7079320863309353,4.4245755395683455,875.8156096897447,1528.0451146294452,205.93654811150628,343.4230210033293,485.10219496710397,0.22474665028892835,0.630012555038586,0.44600610250314937,0.2619259838277859,5.067403628993766,5.504477849941489
vdw,,328.92332141994257,3.4140201144371347,762.5389523893134,0.7136863309352518,4.4605395683453235,884.6163862354185,1530.8311315137314,207.91689864738694,344.8821059525882,483.232339229224,0.22529075797639317,0.6329021957936422,0.4516936459568288,0.261992684978423,5.092599991487498,5.526820243899792
vdw,,328.92332141994257,3.4140201144371347,762.5389523893134,0.7194405755395684,4.496503597122302,893.4331632470102,1533.6064422372729,209.9056201061123,346.33245020756533,481.38105988121185,0.2258287658875016,0.6357467660571336,0.45738201926956357,0.26205855627000485,5.117585262269717,5.549006041437802
vdw,,328.92332141994257,3.4140201144371347,762.5389523893134,0.7251948201438849,4.53246762589928,902.2658794261964,1536.3711525022752,211.90266191320018,347.7739693713769,479.54794300768117,0.22636064781935034,0.6385472380245147,0.46307114943256245,0.2621236707113225,5.142363457367547,5.571038404709533
vdw,,328.92332141994257,3.4140201144371347,762.5389523893134,0.7309490647482015,4.568431654676259,911.1144740760378,1539.1253656878525,213.9079730796663,349.2066032939756,477.7325950880712,0.22688639345366857,0.6413041853833967,0.4687606945251011,0.26218837022310043,5.166937307427232,5.5929233011187325
vdw,,328.92332141994257,3.4140201144371347,762.5389523893134,0.736703309352518,4.604395683453237,919.9788870879486,1541.8691829730938,215.92150233879232,350.6120503385787,475.93464497091145,0.22739416171643986,0.644019887428998,0.47445158235777896,0.2622517269947391,5.191314874510796,5.6146530936727155
vdw,,328.92332141994257,3.4140201144371347,762.5389523893134,0.7424575539568344,4.640359712230215,928.8590589294073,1544.6030986260532,217.9429880774045,352.0237132949546,474.29108958465474,0.22790561122665412,0.6466938672134146,0.4801427468101577,0.26231480714667677,5.215495526053396,5.636241360282162
vdw,,328.92332141994257,3.4140201144371347,762.5389523893134,0.748211798561151,4.676323741007194,937.7549351801076,1547.3268182912977,219.97276344443023,353.44564255574437,472.3908304770082,0.22842339341474863,0.6493280552595353,0.4858349120819514,0.26237688647919966,5.239486169163808,5.657682556195405
vdw,,328.92332141994257,3.4140201144371347,762.5389523893134,0.7539660431654676,4.712287769784172,946.6664529199413,1550.0400204772186,222.01061344059568,354.84465406012,470.6355344033926,0.22892612408218477,0.6519228556110142,0.4915276958941688,0.2624383472712988,5.263288887743302,5.678982851137201
vdw,,328.92332141994257,3.4140201144371347,762.5389523893134,0.7597202877697842,4.748251798561151,955.5935540287192,1552.7431687989322,224.05648931642227,356.2353345227784,468.8964137817351,0.22942321800606033,0.6544793023308012,0.49722120390612384,0.26249908386366033,5.286907720306887,5.700143185814507
vdw,,328.92332141994257,3.4140201144371347,762.5389523893134,0.7654745323741007,4.784215827338129,964.5361809218426,1555.4363554614554,226.11034394368488,357.61830116173513,467.173165360895,0.22991509739763,0.6569976756483329,0.5029149885377787,0.26255954383632196,5.3103443152666285,5.721170279921137
vdw,,328.92332141994257,3.4140201144371347,762.5389523893134,0.7712287769784173,4.820179856115108,973.494276540263,1558.119670961374,228.1721356761518,358.99527539878,465.46549859357924,0.23040289015623341,0.6594800993060222,0.5086100304293887,0.2626187465490286,5.333606085048197,5.742055788595003
vdw,,328.92332141994257,3.4140201144371347,762.5389523893134,0.7769830215827338,4.856143884892086,982.4677843408606,1560.7932041573163,230.24183719656202,360.370374556933,463.77313472303877,0.23088925143770062,0.6619262199233462,0.5143054344208787,0.2626775871618551,5.356692645812831,5.762811041856818
vdw,,328.92332141994257,3.4140201144371347,762.5389523893134,0.7827372661870504,4.892107913669065,991.4566482872153,1563.4570423434002,232.31945424285135,361.75244580240366,462.09580872984696,0.23137984351663932,0.6643367289322379,0.5200011150320675,0.26273615115498294,5.379606873516137,5.7834387889796695
vdw,,328.92332141994257,3.4140201144371347,762.5389523893134,0.7884915107913669,4.928071942446043,1000.4608128408311,1566.1112713117004,234.40506131527562,363.1580657403866,460.4332635636755,0.23188522577723525,0.6667135412725167,0.5256979674230291,0.2627935433683378,5.402355462892735,5.803931521034768
vdw,,328.92332141994257,3.4140201144371347,762.5389523893134,0.7942457553956834,4.964035971223021,1009.4802229526246,1568.7559754302815,236.49885492345263,364.6089588100401,458.7852613535367,0.2324191681309991,0.6690561292450853,0.5313949907743748,0.26285076462130863,5.42493742725773,5.8243014686632035
vdw,,328.92332141994257,3.4140201144371347,762.5389523893134,0.8,5.0,1018.5148240550492,1571.39593804494,238.60115958311192,366.0880498232891,458.7852613535278,0.23296996063179298,0.6713662686814141,0.5370930149451313,0.26290698505486876,5.447358988774913,5.844541756111367
rks,,374.1246008659823,2.9343794358079145,517.6872568264379,0.00016,0.001,0.14900816956423135,939.6449673130467,0.0002598206269095226,0.6072414198879267,-309.9250125179034,0.0006462455938271648,0.36638826590063067,5.862212254410091e-05,0.0001013778774558991,0.0716720747800651,0.12318897564079762
rks,,374.1246008659823,2.9343794358079145,517.6872568264379,0.005914244604316546,0.036964028776978415,5.55082413786642,937.8615829820229,-0.002825174073604785,-1.679491528338339,-309.9250125179034,-0.0017907669519826484,0.0,0.0,0.005914244604316546,0.0,0.44664707339451626
rks,,374.1246008659823,2.9343794358079145,517.6872568264379,0.011668489208633092,0.07292805755395683,10.942378076504392,936.0380850246967,-0.01906858950296295,-3.857760921171205,-323.8672861126289,-0.00412137175066912,0.0,0.0,0.011668489208633092,0.0,0.5634370991557386
rks,,374.1246008659823,2.9343794358079145,517.6872568264379,0.01742273381294964,0.10889208633093525,16.32320833824273,934.1622652466386,-0.04722217400439006,-5.820454947473278,-328.1104823163102,-0.006230668015622056,0.0,0.0,0.01742273381294964,0.0,0.6477877838342047
rks,,374.1246008659823,2.9343794358079145,517.6872568264379,0.023176978417266184,0.14485611510791366,21.693174425207577,932.2809303633095,-0.08605323245529425,-7.602828212759868,-325.7841685708053,-0.00815508283516756,0.0,0.0,0.023176978417266184,0.0,0.7167134099557728
rks,,374.1246008659823,2.9343794358079145,517.6872568264379,0.02893122302158273,0.18082014388489207,27.052353364743293,930.4262827469664,-0.1347192404460282,-9.236846619053303,-318.8348019022996,-0.009927542665478748,0.0,0.0,0.02893122302158273,0.0,0.7764181023670433
rks,,374.1246008659823,2.9343794358079145,517.6872568264379,0.03468546762589928,0.2167841726618705,32.40097525962965,928.621348929637,-0.1923553820924683,-10.705288227002097,-308.5051676135756,-0.01152815217886322,0.0,0.0,0.03468546762589928,0.0,0.8299501311029311
rks,,374.1246008659823,2.9343794358079145,517.6872568264379,0.04043971223021583,0.2527482014388489,37.73938213780633,926.8832555328487,-0.25792093448178877,-11.976625476336725,-295.6031094260665,-0.01292139587682116,0.0,0.0,0.04043971223021583,0.0,0.8790618311425138
rks,,374.1246008659823,2.9343794358079145,517.6872568264379,0.04619395683453237,0.2887122302158273,43.06800120359214,925.225282208617,-0.3301882471427296,-13.02085989267181,-280.65787294091973,-0.014073177790375063,0.0,0.0,0.04619395683453237,0.0,0.9248661046430571
rks,,374.1246008659823,2.9343794358079145,517.6872568264379,0.051948201438848915,0.3246762589928057,48.3873273136587,923.6581946148535,-0.40777136004372566,-13.812878727503476,-264.01400026631603,-0.014954534922156093,0.0,0.0,0.051948201438848915,0.0,0.9681209702682747
rks,,374.1246008659823,2.9343794358079145,517.6872568264379,0.05770244604316546,0.36064028776978413,53.69791156878271,922.2475236142055,-0.48915361291836096,-14.237420878865748,-226.29223370568263,-0.015437743679777604,0.0,0.0,0.05770244604316546,0.0,1.0093705818768688
rks,,374.1246008659823,2.9343794358079145,517.6872568264379,0.06345669064748201,0.39660431654676254,59.00100298686138,920.9157524061743,-0.5716225645869196,-14.383225558955145,-236.590837699431,-0.0156183945397552,0.0,0.0,0.06345669064748201,0.0,1.0490221253758774
rks,,374.1246008659823,2.9343794358079145,517.6872568264379,0.06921093525179856,0.43256834532374094,64.29626056740939,919.6290612548343,-0.654682809048932,-14.322336523701578,-210.6237803148299,-0.015574036453522623,0.0,0.0,0.06921093525179856,0.0,1.087390889310668
rks,,374.1246008659823,2.9343794358079145,517.6872568264379,0.0749651798561151,0.4685323741007194,69.58454411425802,918.4848525938377,-0.7364510199123508,-13.927692889666123,-187.06826779111577,-0.015163769821934205,0.0,0.0,0.0749651798561151,0.0,1.1247282265657201
rks,,374.1246008659823,2.9343794358079145,517.6872568264379,0.08071942446043165,0.5044964028776978,74.86663358177853,917.4769436820883,-0.8149695123708104,-13.183644391609139,-163.25014272430207,-0.014369455802016706,0.0,0.0,0.08071942446043165,0.0,1.1612397234937621
rks,,374.1246008659823,2.9343794358079145,517.6872568264379,0.08647366906474818,0.5404604316546762,80.143317619793,916.6084867603076,-0.8881748491236406,-12.069423433861514,-138.59900742410875,-0.013167479472637328,0.0,0.0,0.08647366906474818,0.0,1.1970974734259867
rks,,374.1246008659823,2.9343794358079145,517.6872568264379,0.09222791366906474,0.5764244604316546,85.41541246020104,915.8850412173346,-0.953870341713829,-10.559494096197334,-112.8486082813916,-0.011529278917103335,0.0,0.0,0.09222791366906474,0.0,1.2324486505055818
rks,,374.1246008659823,2.9343794358079145,517.6872568264379,0.0979821582733813,0.6123884892086331,90.68377073299119,915.3134841529154,-1.0096986729783528,-8.623418917877505,-85.8072027672632,-0.009421273768143076,0.0,0.0,0.0979821582733813,0.0,1.2674216809107175
rks,,374.1246008659823,2.9343794358079145,517.6872568264379,0.10373640287769784,0.6483525179856114,95.94928781509122,914.9017582673638,-1.0531128652717447,-6.2254815048152885,-57.29616313547946,-0.006804535512758302,0.0,0.0,0.10373640287769784,0.0,1.3021308090362351
rks,,374.1246008659823,2.9343794358079145,517.6872568264379,0.10949064748201438,0.6843165467625899,101.21290774497058,914.6588612504449,-1.0813445596950644,-3.3241810692855167,-27.12743496305481,-0.003634339763287238,0.0,0.0,0.10949064748201438,0.0,1.3366795666081803
rks,,374.1246008659823,2.9343794358079145,517.6872568264379,0.11524489208633093,0.7202805755395683,106.4756294493726,914.5949313544735,-1.0913691672351595,0.15381332906769402,4.907352096412009,0.00016817645035480732,0.0,0.0,0.11524489208633093,0.0,1.3711634786455802
rks,,374.1246008659823,2.9343794358079145,517.6872568264379,0.12099913669064748,0.7562446043165467,111.73851364273406,914.7213846416386,-1.079574400657345,4.259206084164336,39.043955454951416,0.004656287866094844,0.0,0.0,0.12099913669064748,0.0,1.4056722323250699
rks,,374.1246008659823,2.9343794358079145,517.6872568264379,0.12675338129496402,0.7922086330935252,117.00269063342682,915.05108996752,-1.0423521399782099,9.000616433686895,75.55156439245708,0.00983619005798504,0.0,0.0,0.12675338129496402,0.0,1.4402914662554014
rks,,374.1246008659823,2.9343794358079145,517.6872568264379,0.13250762589928056,0.8281726618705034,122.2693692369732,915.5986231816978,-0.9759909035592137,14.452590138027972,114.75428870531232,0.015784853506884206,0.0,0.0,0.13250762589928056,0.0,1.4751042932364338
rks,,374.1246008659823,2.9343794358079145,517.6872568264379,0.13826187050359712,0.864136690647482,127.53984750775271,916.3806654514626,-0.8760246623379179,20.719835902346627,157.05976284825172,0.02261051185768834,0.0,0.0,0.13826187050359712,0.0,1.5101926404081358
rks,,374.1246008659823,2.9343794358079145,517.6872568264379,0.14401611510791365,0.9001007194244603,132.81552623632138,917.4163481794146,-0.737536895672409,27.892078516851978,202.91197946355916,0.03040285751633157,0.0,0.0,0.14401611510791365,0.0,1.5456384715000728
rks,,374.1246008659823,2.9343794358079145,517.6872568264379,0.1497703597122302,0.9360647482014388,138.09792365059909,918.7275622120503,-0.55502897772038,36.089558695553094,252.82604448211814,0.03928211167264764,0.0,0.0,0.1497703597122302,0.0,1.5815249434528553
rks,,374.1246008659823,2.9343794358079145,517.6872568264379,0.15552460431654674,0.9720287769784172,143.38869247171255,920.33944358715,-0.32220059888030556,45.48727346002869,307.41478152945973,0.04942445287657754,0.0,0.0,0.15552460431654674,0.0,1.617937542028584
rks,,374.1246008659823,2.9343794358079145,517.6872568264379,0.16127884892086328,1.0079928057553955,148.68964020540116,922.2810181196268,-0.03153918197549854,56.354626383624996,367.4173349302775,0.061103530568722364,0.0,0.0,0.16127884892086328,0.0,1.654965236966596
rks,,374.1246008659823,2.9343794358079145,517.6872568264379,0.16703309352517984,1.043956834532374,154.0027536160694,924.5860482354963,0.3263560107121925,69.10089300282496,433.7408619737522,0.07473711412225922,0.0,0.0,0.16703309352517984,0.0,1.6927016960983006
rks,,374.1246008659823,2.9343794358079145,517.6872568264379,0.17278733812949637,1.0799208633093522,159.3302287639721,927.2941773540379,0.7637076994544225,84.30841658726243,507.5222593429453,0.09091873824532143,0.0,0.0,0.17278733812949637,0.0,1.7312465993030066
rks,,374.1246008659823,2.9343794358079145,517.6872568264379,0.1785415827338129,1.1158848920863307,164.67450864937663,930.4525132600321,1.2966185132036432,102.73347414011884,590.2190162459507,0.1104123775002455,0.0,0.0,0.1785415827338129,0.0,1.770707097251701
rks,,374.1246008659823,2.9343794358079145,517.6872568264379,0.18429582733812946,1.1518489208633091,170.0383314719707,934.117841285314,1.9460147779613672,125.26365267307484,683.7372637962841,0.13409834084821287,0.0,0.0,0.18429582733812946,0.0,1.8111994668060796
rks,,374.1246008659823,2.9343794358079145,517.6872568264379,0.19005007194244602,1.1878129496402876,175.42479374540034,938.3596690697784,2.7382139082256924,152.83491290807052,790.5927573093373,0.16287455433754944,3.820118227155115e-07,7.260137438994789e-08,0.19004999934107164,0.0025224452487317708,1.8528504934189702
rks,,374.1246008659823,2.9343794358079145,517.6872568264379,0.19580431654676259,1.223776978417266,180.8374335972768,943.2641654289018,3.7049137238662797,186.32268575090544,914.0606581675672,0.19752969802068607,2.5037444383903608e-05,4.902439685667825e-06,0.1957994141070769,0.020727788643303872,1.8957660166862071
rks,,374.1246008659823,2.9343794358079145,517.6872568264379,0.2015585611510791,1.2597410071942443,186.28033921412913,948.9385571204871,4.8825065265135175,226.42436372131684,1058.1849037706722,0.23860803423183874,9.635094809769703e-05,1.9420358464114115e-05,0.20153914079261498,0.04125418321761744,1.9400638163512813
rks,,374.1246008659823,2.9343794358079145,517.6872568264379,0.20731280575539565,1.2957050359712228,191.75828274155376,955.5144798352849,6.310716070324663,273.54801879966647,1227.4053576754695,0.2862834887094769,0.00022944894874663376,4.756770534229062e-05,0.20726523805005337,0.06456259731245007,1.985884959618991
rks,,374.1246008659823,2.9343794358079145,517.6872568264379,0.2130670503597122,1.3316690647482012,197.2768672940062,963.147329954327,8.03063094891245,327.7186334484397,1425.5406478919783,0.3402580511373896,0.00044604225385778495,9.50369073652762e-05,0.21297201345234693,0.0912528906969922,2.0333756464851076
rks,,374.1246008659823,2.9343794358079145,517.6872568264379,0.21882129496402875,1.3676330935251797,202.8426533946569,972.0079394914573,10.082262426834015,388.50898301208,1654.137101809914,0.3996973349984602,0.0007735505595097169,0.00016926933515206522,0.21865202562887667,0.12177313298272367,2.082688616418523
rks,,374.1246008659823,2.9343794358079145,517.6872568264379,0.22457553956834528,1.403597122302158,208.4632101763493,982.2645605658082,12.50178238736398,454.9988945542094,1910.751699288089,0.4632142019784558,0.0012513950010126778,0.0002810327075655521,0.22429450686077973,0.15688571065907508,2.1339716878404165
rks,,374.1246008659823,2.9343794358079145,517.6872568264379,0.23032978417266184,1.4395611510791364,214.14703448995124,994.0574156719152,15.318612294751121,525.7650885105263,2188.0852174674446,0.5289081699120416,0.001931358875942076,0.0004448494730556931,0.22988493469960614,0.1973456281288407,2.187362828510567
rks,,374.1246008659823,2.9343794358079145,517.6872568264379,0.23608402877697837,1.4755251798561149,219.90330921737123,1007.4722642998078,18.552544234763396,598.9034194643654,2474.507199208553,0.5944614464206641,0.002884755688011705,0.0006810447448631074,0.23540298403211526,0.24411133529675122,2.242969107691618
rks,,374.1246008659823,2.9343794358079145,517.6872568264379,0.24183827338129493,1.5114892086330933,225.74151817164272,1022.5202008128986,22.21108583467023,672.0858248830884,2755.696779887158,0.6572836647616189,0.004206296868480791,0.0010172435720025423,0.2408210298092924,0.29822296846762547,2.3008435245684105
rks,,374.1246008659823,2.9343794358079145,517.6872568264379,0.2475925179856115,1.5474532374100718,231.67097191403585,1039.127919022471,26.28723669770571,742.6553440177224,3016.639765246523,0.7146909734812569,0.006019413627281362,0.0014903617767754954,0.246102156208836,0.3607730518040873,2.3609484748974574
rks,,374.1246008659823,2.9343794358079145,517.6872568264379,0.253346762589928,1.58341726618705,237.70031061410216,1057.138587957179,30.757926847031865,807.7633885511513,3243.319681453906,0.7641035884538829,0.008480490423060176,0.0021485047938571843,0.2511982577960708,0.4328365466386457,2.4231067793120586
rks,,374.1246008659823,2.9343794358079145,517.6872568264379,0.25910100719424456,1.6193812949640285,243.83703994557064,1076.3208271274632,35.58337293797551,864.5522150603465,3423.841862530402,0.8032476871860829,0.011772090168714631,0.0030501604194954255,0.25605084677474915,0.5151872879102921,2.486961848287565
rks,,374.1246008659823,2.9343794358079145,517.6872568264379,0.2648552517985611,1.655345323741007,250.08713723812565,1096.3829659141456,40.707616684353724,910.3791611087171,3549.1459634069756,0.8303477793908065,0.01608700996679991,0.004260729075442752,0.2605945227231184,0.6080583329211228,2.551953723309622
rks,,374.1246008659823,2.9343794358079145,517.6872568264379,0.2706094964028777,1.6913093525179854,256.45475147732276,1116.9902265000828,46.060461689359656,943.0648870072816,3613.3095813150644,0.8442910820824552,0.02159574239901259,0.005844012975043071,0.2647654834278346,0.71085998427289,2.617349915877209
rks,,374.1246008659823,2.9343794358079145,517.6872568264379,0.27636374100719424,1.7272733812949639,262.9420072059505,1137.7830863492338,51.56086875951784,961.1279644593807,3613.654609101134,0.8447374336907394,0.02840120150640568,0.007849062297409434,0.2685146787097848,0.8220019141452428,2.682355816180954
rks,,374.1246008659823,2.9343794358079145,517.6872568264379,0.28211798561151075,1.7632374100719421,269.54891584833814,1158.39597631958,57.121592496455904,963.954423809533,3550.757538023664,0.8321458667977932,0.03650810921479001,0.01029959423016159,0.27181839138134917,0.9391163276259178,2.746254192427547
rks,,374.1246008659823,2.9343794358079145,517.6872568264379,0.2878722302158273,1.7992014388489206,276.27339479874837,1178.4758932454595,62.65452784354395,951.8586589114483,3428.4094271143595,0.8077031226239856,0.04581442697630564,0.013188701269729266,0.27468352894609804,1.059452949829037,2.808538037604827
rks,,374.1246008659823,2.9343794358079145,517.6872568264379,0.29362647482014387,1.835165467625899,283.1113929483878,1197.7006410939957,68.0760476006823,926.0236349510542,3253.5268375049436,0.7731678544525216,0.05613956580353645,0.016484062804825905,0.277142412015318,1.1804237289287083,2.8689477896934807
rks,,374.1246008659823,2.9343794358079145,517.6872568264379,0.29938071942446043,1.8711294964028777,290.0571197019516,1215.7962860292282,73.31166085331738,888.345180848264,3035.967676389083,0.7306694312659776,0.0672639451887587,0.020137528301938053,0.2792431911225224,1.2999340271864588,2.927440288004374
rks,,374.1246008659823,2.9343794358079145,517.6872568264379,0.30513496402877693,1.9070935251798558,297.1033713860513,1232.5530038484285,78.29955852801574,841.2246163207581,2788.1565906364453,0.6825058343894203,0.07896959782669646,0.024096385392216008,0.2810385786365609,1.4165330149815043,2.9841028341878477
rks,,374.1246008659823,2.9343794358079145,517.6872568264379,0.3108892086330935,1.9430575539568342,304.2419426458095,1247.8378255291775,82.99288527228131,787.3503237987973,2524.381451034228,0.630971675718278,0.09106079204096329,0.028309817575117777,0.2825793910579757,1.529328677692215,3.039090729657106
rks,,374.1246008659823,2.9343794358079145,517.6872568264379,0.31664345323741006,1.979021582733813,311.4640995352781,1261.6019827422906,87.36077123286799,729.4933016723172,2259.6199808089364,0.5782277704467844,0.10337563613466688,0.03273321840629491,0.28391023483111516,1.6378746808888773,3.0925715099666626
rks,,374.1246008659823,2.9343794358079145,517.6872568264379,0.3223976978417266,2.014985611510791,318.7610754497893,1273.8800539691692,91.38825106234732,670.3279277869864,2007.8632671788723,0.5262096110998609,0.11578597697206436,0.03732913241814872,0.2850685654235779,1.7420268771412721,3.1447010979681926
rks,,374.1246008659823,2.9343794358079145,517.6872568264379,0.3281519424460431,2.0509496402877696,326.1245343894752,1284.7787302681327,95.07523295604989,612.2818523718487,1780.1843562355907,0.47656599377549297,0.12819384537700884,0.042067059370093154,0.28608488307595,1.8418343445195857,3.1956123435577486
rks,,374.1246008659823,2.9343794358079145,517.6872568264379,0.3339061870503597,2.086913669064748,333.5469376025614,1294.4555258194962,98.4346901530106,557.4160560698416,1583.174769690585,0.4306181594898377,0.1405253439437858,0.04692228178020987,0.28698390527014983,1.937454008308599,3.245416755902367
rks,,374.1246008659823,2.9343794358079145,517.6872568264379,0.33966043165467624,2.1228776978417265,341.02176183942436,1303.0916980018376,101.4902496220485,507.33622249411184,1418.4953977043292,0.3893327102552045,0.15272650877343127,0.05187515189509537,0.2877852797595809,2.0291047864601834,3.2942029755776265
rks,,374.1246008659823,2.9343794358079145,517.6872568264379,0.34541467625899275,2.1588417266187045,348.5435543468749,1310.8665785931432,104.27336359473276,463.13790078497533,1283.816070068006,0.3533066662528136,0.16475728794696665,0.05690958527751113,0.28850509098148164,2.1170242223649955,3.3420468753264267
rks,,374.1246008659823,2.9343794358079145,517.6872568264379,0.3511689208633093,2.194805755395683,356.1078557131213,1317.939748713945,106.82026715534136,425.3887543418225,1174.602230572897,0.32276798294984266,0.17659016283224135,0.06201297691687427,0.28915594394643507,2.2014619879412543,3.389006366894183
rks,,374.1246008659823,2.9343794358079145,517.6872568264379,0.35692316546762587,2.2307697841726615,363.71104972257797,1324.4432632952385,109.1689454835495,394.15108831051924,1085.821171104709,0.2975975636207053,0.1882053214675672,0.0671748390960562,0.28974832637156966,2.2826559281577836,3.435132898087658
rks,,374.1246008659823,2.9343794358079145,517.6872568264379,0.3626774100719424,2.26673381294964,371.3501967162013,1330.4817859734123,111.35635070173394,369.0461948671542,1012.9852208391259,0.2773778632355731,0.19959057256540114,0.07238699193279576,0.29029041813914663,2.3608375846534244,3.4804654592088533
rks,,374.1246008659823,2.9343794358079145,517.6872568264379,0.36843165467625894,2.3026978417266184,379.02288499873583,1336.1367837777327,113.41610963466525,349.3581224020648,952.519617132041,0.261468830619501,0.21073731325300313,0.07764229702383306,0.29078935765242586,2.4362158781721597,3.525042714943356
rks,,374.1246008659823,2.9343794358079145,517.6872568264379,0.3741858992805755,2.338661870503597,386.7271124735651,1341.471682518078,115.37693488334644,334.16776146572727,901.7285447703312,0.24910534141015975,0.22164170756136742,0.08293520166193259,0.2912506976186429,2.508989183482932,3.5688942647960067
rks,,374.1246008659823,2.9343794358079145,517.6872568264379,0.37994014388489206,2.3746258992805753,394.46119738068205,1346.5364062025933,117.26187571136666,322.4992636841429,858.6150043084775,0.2395028178953085,0.23230198421297504,0.08826084930662366,0.2916792945782684,2.5793359769677786,3.6120493293332294
rks,,374.1246008659823,2.9343794358079145,517.6872568264379,0.3856943884892086,2.410589928057554,402.2237121733793,1351.3708564428716,119.08841417924752,313.45284080098446,821.6925156922589,0.23195175425498418,0.24271884481109446,0.0936152964242222,0.2920790920649864,2.6474213421151758,3.654532755683074
rks,,374.1246008659823,2.9343794358079145,517.6872568264379,0.3914486330935252,2.4465539568345323,410.01343429891614,1356.0074209831446,120.86924434714018,306.29674941588064,789.8359677447495,0.22588132238524672,0.2528951163150268,0.0989954475975453,0.2924531854959799,2.7133986575164375,3.6963646914284003
rks,,374.1246008659823,2.9343794358079145,517.6872568264379,0.3972028776978416,2.4825179856115103,417.8293089445901,1360.472748574032,122.61342701453955,300.501956728456,762.1757724366678,0.2208805410056354,0.2628330793189564,0.10439805545967454,0.29280482223816706,2.777400025699933,3.737571156946754
rks,,374.1246008659823,2.9343794358079145,517.6872568264379,0.4029571223021582,2.5184820143884887,425.6704202445197,1364.7890123994614,124.32756787332272,295.7234908245386,738.0259472485999,0.21668073829567366,0.27253777380874605,0.1098210370526088,0.29313608524954937,2.8395546306585837,3.7781681813873322
rks,,374.1246008659823,2.9343794358079145,517.6872568264379,0.40871136690647475,2.554446043165467,433.53596856585034,1368.9748271209191,126.01675761743307,291.751047283879,716.8356407755739,0.21311644414781425,0.28201389849575187,0.11526228594082256,0.2934490809656522,2.899976278266091,3.8181748416294945
rks,,374.1246008659823,2.9343794358079145,517.6872568264379,0.4144656115107913,2.5904100719424457,441.42525226933117,1373.0459312888659,127.68518165259665,288.4559006658399,698.1560559252254,0.21008466948739943,0.2912664277044924,0.12071991807110613,0.29374569343968515,2.9587683592788325,3.8576099002945345
rks,,374.1246008659823,2.9343794358079145,517.6872568264379,0.42021985611510787,2.626374100719424,449.33765284904587,1377.0157080541992,129.33644923741244,285.7512767325634,681.6173247042278,0.20751489983824953,0.3003005925022214,0.12619227177256512,0.2940275843425427,3.016025391263824,3.896491390148211
rks,,374.1246008659823,2.9343794358079145,517.6872568264379,0.42597410071942443,2.6623381294964026,457.2726226855912,1380.895591505883,130.9737471372265,283.569715113349,666.9118805969013,0.20535203157837073,0.3091223984247792,0.13167813568122694,0.2942959650381975,3.071836572713711,3.934833778536283
rks,,374.1246008659823,2.9343794358079145,517.6872568264379,0.431728345323741,2.698302158273381,465.22967486214037,1384.695389741864,132.59990824368958,281.8529101737552,653.782145211654,0.2035486737818189,0.31773728763528053,0.1371761934384332,0.2945521518853078,3.1262811065089644,3.9726538696841986
rks,,374.1246008659823,2.9343794358079145,517.6872568264379,0.43748258992805755,2.7342661870503595,473.2083746356795,1388.4235456007336,134.217448312383,280.5481981402413,642.0111744071633,0.20206240309678386,0.32615149895093365,0.1426856024699726,0.2947969874580849,3.179435029253824,4.009964200013535
rks,,374.1246008659823,2.9343794358079145,517.6872568264379,0.44323683453237406,2.770230215827338,481.2083322536985,1392.0873495747473,135.828594154488,279.6077124367458,631.4153918735525,0.20085500563032913,0.33437066986563646,0.14820539727171417,0.2950314372606599,3.231366092594422,4.046779418483323
rks,,374.1246008659823,2.9343794358079145,517.6872568264379,0.44899107913669056,2.806194244604316,489.229196875735,1395.6931152717825,137.43531065361185,278.9882671672749,621.8388386946197,0.1998922715277188,0.342399979661637,0.15373453636465928,0.2952565427720313,3.2821352099297343,4.083115546874449
rks,,374.1246008659823,2.9343794358079145,517.6872568264379,0.4547453237410071,2.8421582733812945,497.27065140936725,1399.2463250734786,139.03932761651782,278.6512643030818,613.1485648778256,0.19914382429301644,0.3502456576659294,0.15927257498417502,0.2954727487568321,3.331803234431217,4.118982631641882
rks,,374.1246008659823,2.9343794358079145,517.6872568264379,0.4604995683453237,2.878122302158273,505.3324081080627,1402.7517517573804,140.64216572181584,278.56246692462344,605.2308836677423,0.19858286869051334,0.3579128599475855,0.1648187175111034,0.29568085083422024,3.3804227758419905,4.154394845984758
rks,,374.1246008659823,2.9343794358079145,517.6872568264379,0.46625381294964025,2.9140863309352514,513.4142048068583,1406.213560535915,142.24516076105007,278.69166145425385,597.9883107119285,0.19818587252710257,0.36540660063627517,0.17037222082362974,0.2958815921260105,3.4280425391804603,4.189366018338357
rks,,374.1246008659823,2.9343794358079145,517.6872568264379,0.4720080575539568,2.95005035971223,521.5158016945238,1409.635395025309,143.84948570019816,279.0122653029267,591.337039420187,0.19793222154294535,0.3727329632963292,0.17593296199183062,0.2960750955621262,3.4747124672752,4.2239036295894925
rks,,374.1246008659823,2.9343794358079145,517.6872568264379,0.4777623021582733,2.9860143884892083,529.6369785386142,1413.020449920135,145.45617040536507,279.50092523439366,585.2048449086659,0.19780387838703345,0.379896023962511,0.18149999898910382,0.29626230316916946,3.520471922112246,4.258023884400659
rks,,374.1246008659823,2.9343794358079145,517.6872568264379,0.48351654676258987,3.0219784172661868,537.7775322940075,1416.371532635278,147.06611908206114,280.13713395226176,579.5293454440202,0.19778506380387575,0.3869016129189488,0.18707333181544636,0.29644321494714354,3.5653647985210553,4.2917332095270115
rks,,374.1246008659823,2.9343794358079145,517.6872568264379,0.48927079136690643,3.0579424460431652,545.9372750373625,1419.691115728135,148.6801255883921,280.9028787309431,574.2565365000949,0.19786196843731946,0.3937538153224839,0.19265224082657043,0.29661855054033603,3.6094261003167487,4.325045544613908
rks,,374.1246008659823,2.9343794358079145,517.6872568264379,0.495025035971223,3.0939064748201437,554.1160321789571,1422.9813816068113,150.29888683061017,281.78232713492116,569.3395755576402,0.198022497537344,0.400457731806675,0.19823660309255364,0.29678843287866935,3.6526928952517537,4.357968652394294
rks,,374.1246008659823,2.9343794358079145,517.6872568264379,0.5007792805755394,3.1298705035971213,562.3136409116702,1426.2442607588935,151.92301445940782,282.76154992067706,564.737745257452,0.19825604750915657,0.4070174341870586,0.20382589787389718,0.2969533827016423,3.695196641301555,4.390514345898251
rks,,374.1246008659823,2.9343794358079145,517.6872568264379,0.5065335251798561,3.1658345323741,570.5299488627757,1429.481464500288,153.55304507648864,283.8282787986063,560.4155855456904,0.19855331170581197,0.4134376873107677,0.2094200491957302,0.29711347598412585,3.736969935129256,4.422689848487363
rks,,374.1246008659823,2.9343794358079145,517.6872568264379,0.5122877697841726,3.2017985611510786,578.7648129198128,1432.6945131089806,155.1894491430665,284.9716957362285,556.3421575236277,0.19890611231408523,0.41972223039593404,0.2150185653383717,0.29726920444580085,3.7780401632430873,4.45450652171251
rks,,374.1246008659823,2.9343794358079145,517.6872568264379,0.5180420143884892,3.237762589928057,587.0180982061582,1435.8847600362903,156.8326387616349,286.1822501537747,552.4904162312307,0.19930725509374567,0.42587552969507625,0.22062141728200213,0.29742059710648705,3.8184362344492975,4.485970973347861
rks,,374.1246008659823,2.9343794358079145,517.6872568264379,0.5237962589928057,3.2737266187050356,595.2896771855312,1439.0534127866524,158.48297448066356,287.4515004158984,548.8366799387961,0.19975040388477552,0.43190101666528685,0.22622813678446668,0.297568122208339,3.858182119007259,4.517094107740057
rks,,374.1246008659823,2.9343794358079145,517.6872568264379,0.5295505035971223,3.3096906474820145,603.5794288778601,1442.2015509697371,160.14077125217668,288.77197643777464,545.3601780547805,0.2002299721863454,0.4378027143701401,0.23183864787089478,0.2977118557262275,3.8973030082957587,4.547882797780522
rks,,374.1246008659823,2.9343794358079145,517.6872568264379,0.5353047482014388,3.3456546762589925,611.8872381715404,1445.3301419212887,161.80630365525334,290.13706052719436,542.0426581717727,0.20074102941042446,0.4435841993869556,0.2374527281589711,0.2978520200424677,3.935821556123437,4.578345260526742
rks,,374.1246008659823,2.9343794358079145,517.6872568264379,0.5410589928057553,3.3816187050359705,620.2129952190733,1448.4400542574997,163.4798104822784,291.54088393070805,538.8680608101776,0.2012792197190086,0.4492493071563418,0.24307037764869371,0.2979886151570616,3.973760553478085,4.608487413909451
rks,,374.1246008659823,2.9343794358079145,517.6872568264379,0.5468132374100719,3.4175827338129494,628.5565949053148,1451.5320696600475,165.16149877184526,292.9782368750867,535.8222296332573,0.20184069163811375,0.4548005345454822,0.24869095267064636,0.2981222847394256,4.011137207732591,4.6383213265532195
rks,,374.1246008659823,2.9343794358079145,517.6872568264379,0.5525674820143884,3.4535467625899274,636.9179363787408,1454.6068931277482,166.8515473597197,294.44449024687276,532.8926683674996,0.20242203693518018,0.46024206420897906,0.25431479853706007,0.29825268347732836,4.04797417781014,4.667849297540147
rks,,374.1246008659823,2.9343794358079145,517.6872568264379,0.5583217266187049,3.489510791366906,645.2969226376787,1457.6651619152142,168.55011001039284,295.93552736663815,530.068327480984,0.20302023749940687,0.4655764912778124,0.2599414704833066,0.2983802561353983,4.084287781000831,4.697081177957131
rks,,374.1246008659823,2.9343794358079145,517.6872568264379,0.5640759712230216,3.525474820143885,653.6934601644425,1460.7074533458222,170.2573181828698,297.4476843706711,527.3394262060041,0.20363261903631186,0.4708071350940601,0.26557099198691025,0.2985049792361113,4.120096398818757,4.726022154704235
rks,,374.1246008659823,2.9343794358079145,517.6872568264379,0.5698302158273381,3.561438848920863,662.107458601479,1463.7342916494392,171.97328347610562,298.9776980901,524.6972916395962,0.20425681067647242,0.47593670826014356,0.2712031171880304,0.29862709863930764,4.155415741710988,4.754679872585379
rks,,374.1246008659823,2.9343794358079145,517.6872568264379,0.5755844604316546,3.597402877697841,670.5388304641962,1466.7461539452,173.69809979496165,300.5226604234208,522.1342224449899,0.20489070969443893,0.48096866920085446,0.27683809194650477,0.2987463684851498,4.1902637105689795,4.783057170763212
rks,,374.1246008659823,2.9343794358079145,517.6872568264379,0.5813387050359712,3.6333669064748197,678.9874908859615,1469.7434754948129,175.43184527053828,302.07997824602245,519.6433715642848,0.20553245058245442,0.4859048092719703,0.28247527259291777,0.2988634324430534,4.224651882683732,4.811165198489971
rks,,374.1246008659823,2.9343794358079145,517.6872568264379,0.5870929496402877,3.6693309352517978,687.4533573913872,1472.7266543229089,177.17458396475013,303.64733825683817,517.2186436021638,0.20618037798497038,0.49074828476237703,0.2881148580320558,0.2989780916082319,4.258596290148314,4.839006985074085
rks,,374.1246008659823,2.9343794358079145,517.6872568264379,0.5928471942446043,3.7052949640287767,695.9363496945031,1475.6960552794367,178.92636738609727,305.2226760492479,514.8546034406436,0.2068330229367261,0.4955011228966716,0.2937564504543426,0.2990907437902617,4.292108637208969,4.866591052421549
rks,,374.1246008659823,2.9343794358079145,517.6872568264379,0.5986014388489208,3.741258992805755,704.436389518793,1478.65201361985,180.68723583829302,306.80414879203926,512.5464000537488,0.20748908192466453,0.5001666020801481,0.29940044766935225,0.29920099117956855,4.32520469188909,4.893918359188289
rks,,374.1246008659823,2.9343794358079145,517.6872568264379,0.6043556834532374,3.777223021582734,712.9534004365707,1481.5948381623382,182.45721962163432,308.3901111907608,510.2896956749875,0.20814739849746328,0.5047463559779566,0.30504632893758904,0.2993093545156484,4.357894170121463,4.920998315104011
rks,,374.1246008659823,2.9343794358079145,517.6872568264379,0.6101099280575538,3.813187050359711,721.4873077253507,1484.5248140854521,184.23634010498102,309.9790942580383,508.0806116686212,0.20880694705598588,0.5092435391321302,0.31069453902367805,0.29941538903387577,4.390191818572528,4.947831252888688
rks,,374.1246008659823,2.9343794358079145,517.6872568264379,0.6158641726618704,3.84915107913669,730.0380382394211,1487.4422053943115,186.0246106828048,311.56978646297307,505.9156674207744,0.20946681849758184,0.5136592212548934,0.31634431132828555,0.2995198613335849,4.4221048893505355,4.974428572964464
rks,,374.1246008659823,2.9343794358079145,517.6872568264379,0.6216184172661869,3.885115107913668,738.6055202945965,1490.3472571059187,187.82203763022628,313.1610170455222,503.79174384505694,0.21012620753477584,0.5179961834178308,0.3219959676861175,0.29962244958006945,4.453646347203898,5.000791521393108
rks,,374.1246008659823,2.9343794358079145,517.6872568264379,0.6273726618705036,3.921079136690647,747.1896835649405,1493.2401971964223,189.62862086803776,314.7517412638999,501.706037161111,0.21078440150141306,0.5222564705727245,0.32764943212230446,0.2997232297481991,4.484826386289299,5.026924909379756
rks,,374.1246008659823,2.9343794358079145,517.6872568264379,0.6331269064748201,3.9570431654676255,755.7904589899288,1496.1212383149077,191.44435464796035,316.3410272755666,499.6560239247351,0.21144077042303325,0.5264420991639699,0.33330465768179474,0.2998222487930253,4.515654905504966,5.052833175838532
rks,,374.1246008659823,2.9343794358079145,517.6872568264379,0.6388811510791367,3.9930071942446044,764.4077786908945,1498.9905793174344,193.26922816668653,317.92804443794927,497.63943354978574,0.2120947581823482,0.5305549675666248,0.33896156838971925,0.29991958268941743,4.546141215534204,5.078520918111885
rks,,374.1246008659823,2.9343794358079145,517.6872568264379,0.6446353956834533,4.028971223021583,773.0415758958463,1501.8484066343842,195.10322611649636,319.51205290195446,495.65421781555807,0.21274587467717554,0.5345967156766467,0.3446199653412897,0.3000154303421636,4.57629357527882,5.103993731674361
rks,,374.1246008659823,2.9343794358079145,517.6872568264379,0.6503896402877698,4.064935251798561,781.6917848716491,1504.6948954752297,196.9463291795369,321.09239435464843,493.6985249268062,0.2133936888602506,0.5385693479932885,0.35027992451137363,0.30010971577639617,4.606121335577076,5.12925463495238
rks,,374.1246008659823,2.9343794358079145,517.6872568264379,0.6561438848920864,4.10089928057554,790.3583408627084,1507.5302109133245,198.798514471901,322.6684837507331,491.7706836477737,0.2140378225357402,0.5424746829096951,0.35594144589997007,0.30020243899211635,4.635633062065303,5.154307244554843
rks,,374.1246008659823,2.9343794358079145,517.6872568264379,0.6618981294964028,4.136863309352518,799.0411800356334,1510.354508855177,200.65975594274818,324.2398019129306,489.869179123586,0.21467794482151004,0.5463140602958723,0.36160425462742285,0.30029387486897996,4.664835558011134,5.179157527754154
rks,,374.1246008659823,2.9343794358079145,517.6872568264379,0.6676523741007195,4.172827338129497,807.7402394290785,1513.1679368980267,202.5300247332253,325.80588894102226,487.9926381301578,0.2153137672272648,0.550089413129329,0.36726850264346805,0.3003838714572515,4.693737519376839,5.203807558537229
rks,,374.1246008659823,2.9343794358079145,517.6872568264379,0.6734066187050359,4.208791366906475,816.455456908274,1515.9706351009788,204.40928949973505,327.3663382849262,486.13981388099273,0.21594503924089553,0.5538024524028432,0.37293423690315525,0.3004723818018807,4.722346766040673,5.22826027315777
rks,,374.1246008659823,2.9343794358079145,517.6872568264379,0.6791608633093525,4.244755395683454,825.1867711237427,1518.762736678969,206.29751670464708,328.91955518563566,484.3095743533782,0.21657073039918912,0.5574542881151385,0.37860113557177805,0.3005597277375745,4.750668975948748,5.252521767334832
rks,,374.1246008659823,2.9343794358079145,517.6872568264379,0.684915107913669,4.280719424460432,833.934121473818,1521.5443686202595,208.19465665109735,330.46591088669703,482.50088733227324,0.21719111036266683,0.5610468984646078,0.38426949700651614,0.3006456109071529,4.7787126617740485,5.276592598265365
rks,,374.1246008659823,2.9343794358079145,517.6872568264379,0.6906693525179856,4.31668345323741,842.6974480704653,1524.3156522401557,210.1006800739077,332.0082826016795,480.71281332691535,0.21780809120063518,0.5645810097788022,0.3899388004678758,0.30073055205010973,4.806482016032759,5.3004804156174545
rks,,374.1246008659823,2.9343794358079145,517.6872568264379,0.6964235971223022,4.352647482014389,851.4766917081744,1527.0767036771292,212.0155703885956,333.545694144539,478.94449248256365,0.21842104809887847,0.5680586770431924,0.39560946724295615,0.300814129879346,4.833985622969589,5.324184558523932
rks,,374.1246008659823,2.9343794358079145,517.6872568264379,0.7021778417266187,4.388611510791367,860.2717938354886,1529.8276343410714,213.93928709555618,335.07589957091983,477.19514116409164,0.21902853109019957,0.5714810046415587,0.40128129842696947,0.3008965432996492,4.86122877970763,5.347709707250639
rks,,374.1246008659823,2.9343794358079145,517.6872568264379,0.7079320863309353,4.4245755395683455,869.0826965290573,1532.5685513171516,215.87178776288056,336.59858545910924,475.464039859911,0.21963036183263893,0.5748491683703094,0.40695417108999626,0.30097791524093903,4.888216949767221,5.371059793352694
rks,,374.1246008659823,2.9343794358079145,517.6872568264379,0.7136863309352518,4.4605395683453235,877.9093424698125,1535.2995577255574,217.8130282839535,338.1134814754404,473.75052997509874,0.22022639150390472,0.578164478351864,0.41262808523203565,0.30105824570321615,4.91495597582533,5.394237610700553
rks,,374.1246008659823,2.9343794358079145,517.6872568264379,0.7194405755395684,4.496503597122302,886.7516749211611,1538.0207530478826,219.76296311573404,339.6203571940188,472.0540054399913,0.22081649842565262,0.5814280971913484,0.4183029648782198,0.30113761066134864,4.941451138265608,5.417246537408208
rks,,374.1246008659823,2.9343794358079145,517.6872568264379,0.7251948201438849,4.53246762589928,895.6096377089178,1540.7322334190164,221.721545499753,341.1190192498248,470.3739091119052,0.22140058593624187,0.5846416344011962,0.4239790849082024,0.3012157352356825,4.96770914691432,5.440086887306325
rks,,374.1246008659823,2.9343794358079145,517.6872568264379,0.7309490647482015,4.568431654676259,904.4831752028571,1543.434091891157,223.68872766763016,342.6093088047071,468.7097266841577,0.22197858049442898,0.5878057285160059,0.42965604751240977,0.30129301723579177,4.993733406210692,5.462764660038483
rks,,374.1246008659823,2.9343794358079145,517.6872568264379,0.736703309352518,4.604395683453237,913.3722322996837,1546.1264186782762,225.66446103290923,344.0742432702412,467.06098597192204,0.2225395278895609,0.5909219749645997,0.43533417452554646,0.3013691348269716,5.019530460473597,5.485279654091574
rks,,374.1246008659823,2.9343794358079145,517.6872568264379,0.7424575539568344,4.640359712230215,922.2767544073982,1548.8096441603072,227.64850238327426,345.5442367456549,465.546390514305,0.2231031024687304,0.5939910527714107,0.4410131441129066,0.30144440984392784,5.045103743874123,5.5076370796864795
rks,,374.1246008659823,2.9343794358079145,517.6872568264379,0.748211798561151,4.676323741007194,931.1966913757293,1551.4835107951671,229.64115315260193,347.023255688978,463.8081360100607,0.22367189420603087,0.597013885912497,0.44669283334457127,0.3015189652165798,5.070457460910739,5.5298403808523595
rks,,374.1246008659823,2.9343794358079145,517.6872568264379,0.7539660431654676,4.712287769784172,940.1319856487567,1554.1477405156595,231.6422157765156,348.4809581574782,462.19689286683115,0.22422640336745187,0.5999921231013383,0.45237368698516417,0.3015923561803034,5.0955981785443445,5.5518881700620435
rks,,374.1246008659823,2.9343794358079145,517.6872568264379,0.7597202877697842,4.748251798561151,949.0825838760753,1556.802739104046,233.6516424989714,349.9304812217369,460.59967591116947,0.22477509348623387,0.6029263540462173,0.458055383199979,0.30166490456980516,5.120528896658674,5.5737854651301015
rks,,374.1246008659823,2.9343794358079145,517.6872568264379,0.7654745323741007,4.784215827338129,958.048433171706,1559.4485862521724,235.66938694342775,351.37237944358407,459.01613122418433,0.22531834812716614,0.6058175711616998,0.4637379219890156,0.3017366103850851,5.145253913993978,5.595534514160934
rks,,374.1246008659823,2.9343794358079145,517.6872568264379,0.7712287769784173,4.820179856115108,967.0294811023766,1562.0853596914633,237.69540773600963,352.8082246564472,457.44593134188847,0.2258571994594024,0.608666577849301,0.46942118042235503,0.30180759655606226,5.169776863304622,5.617138536626335
rks,,374.1246008659823,2.9343794358079145,517.6872568264379,0.7769830215827338,4.856143884892086,976.025675676679,1564.713135327802,239.72967658960349,354.2417577231911,455.8887692260215,0.2263940589013964,0.6114746283542107,0.47510540435983384,0.30187761722289996,5.194102834622373,5.638597633393043
rks,,374.1246008659823,2.9343794358079145,517.6872568264379,0.7827372661870504,4.892107913669065,985.0369653349031,1567.3319873685605,241.7721951820142,355.6809656708522,454.34436156361636,0.2269340309119929,0.6142423118343266,0.48079034794161457,0.30194691824543585,5.218234678702285,5.659915945790031
rks,,374.1246008659823,2.9343794358079145,517.6872568264379,0.7884915107913669,4.928071942446043,994.0632989396556,1569.9419884337942,243.8230271447427,357.14077775394213,452.8124399601521,0.22748660803080564,0.6169706679649157,0.4864761340976152,0.3020153766937517,5.242176705875245,5.681094505343108
rks,,374.1246008659823,2.9343794358079145,517.6872568264379,0.7942457553956834,4.964035971223021,1003.1046257669733,1572.5432096588959,245.88234596875824,358.64102712772717,451.2927568073141,0.22806433866165168,0.619660146308168,0.4921624409931306,0.3020833144025528,5.265931243349246,5.702137965008022
rks,,374.1246008659823,2.9343794358079145,517.6872568264379,0.8,5.0,1012.1608954981243,1575.1400585697063,247.95044353521524,360.166638749245,451.2927568073053,0.22865689739126535,0.6223121417409796,0.4978497133927837,0.3021502866072163,5.289503714135323,5.723044621875291
pr,,408.4315293063252,2.817208542931072,443.12146447778036,0.00016,0.001,0.14918136112861013,939.5077194340369,0.000533721941653565,0.3084199674807436,-351.89831939278935,0.0003282782686091573,0.33314865536061544,5.3303784857698473e-05,0.00010669621514230154,0.06834409013424157,0.12384055347193777
pr,,408.4315293063252,2.817208542931072,443.12146447778036,0.005914244604316546,0.036964028776978415,5.54951267553571,937.482810428403,-0.004303881295248234,-1.9898233729852197,-351.89831939278935,-0.002122517182022705,0.0,0.0,0.005914244604316546,0.0,0.4465421284955219
pr,,408.4315293063252,2.817208542931072,443.12146447778036,0.011668489208633092,0.07292805755395683,10.938192168222908,935.4552265049879,-0.022366138873432737,-4.148211104561299,-352.82803926565884,-0.004434430411019977,0.0,0.0,0.011668489208633092,0.0,0.5631714676315064
pr,,408.4315293063252,2.817208542931072,443.12146447778036,0.01742273381294964,0.10889208633093525,16.31518905492779,933.4447463997722,-0.05204352402722391,-6.044157239342863,-345.9535536154077,-0.006475109815181599,0.0,0.0,0.01742273381294964,0.0,0.6473238925772298
pr,,408.4315293063252,2.817208542931072,443.12146447778036,0.023176978417266184,0.14485611510791366,21.68073095901994,931.4878875424628,-0.09192525723769165,-7.717255189817265,-334.1909281960247,-0.008284869071328065,0.0,0.0,0.023176978417266184,0.0,0.7160186303693273
pr,,408.4315293063252,2.817208542931072,443.12146447778036,0.02893122302158273,0.18082014388489207,27.035207356682655,929.6077075973119,-0.1408574720995036,-9.186401051378343,-319.30230138962423,-0.009882019024048061,0.0,0.0,0.02893122302158273,0.0,0.7754617469465612
pr,,408.4315293063252,2.817208542931072,443.12146447778036,0.03468546762589928,0.2167841726618705,32.379111230165755,927.8190759167917,-0.19764685460365505,-10.438849464734941,-302.3715423598764,-0.011250953699588642,0.0,0.0,0.03468546762589928,0.0,0.8287021497992597
pr,,408.4315293063252,2.817208542931072,443.12146447778036,0.04043971223021583,0.2527482014388489,37.713003179434985,926.1318126516127,-0.2609928585149511,-11.457640732500503,-284.0697305447171,-0.01237150109302052,0.0,0.0,0.04043971223021583,0.0,0.8774920747149312
pr,,408.4315293063252,2.817208542931072,443.12146447778036,0.04619395683453237,0.2887122302158273,43.03748920183864,924.5526221279108,-0.329506989330032,-12.230047150106278,-264.80875213823055,-0.01322807037414282,0.0,0.0,0.04619395683453237,0.0,0.9229438313898235
pr,,408.4315293063252,2.817208542931072,443.12146447778036,0.051948201438848915,0.3246762589928057,48.35320705400747,923.0863207534003,-0.401742224163023,-12.747423380987678,-244.83290383518394,-0.013809568070062554,0.0,0.0,0.051948201438848915,0.0,0.9658144709648301
pr,,408.4315293063252,2.817208542931072,443.12146447778036,0.05770244604316546,0.36064028776978413,53.66081816286597,921.7697389436695,-0.47621057374800585,-12.958386585259005,-212.77079578619,-0.01405816012153867,0.0,0.0,0.05770244604316546,0.0,1.006646864761346
pr,,408.4315293063252,2.817208542931072,443.12146447778036,0.06345669064748201,0.39660431654676254,58.961384147485234,920.5503007024045,-0.5508736763407721,-12.905229325683656,-211.0687609647342,-0.014019037651540195,0.0,0.0,0.06345669064748201,0.0,1.0458466302614062
pr,,408.4315293063252,2.817208542931072,443.12146447778036,0.06921093525179856,0.43256834532374094,64.25496136450354,919.4128662032568,-0.6247302661775715,-12.620349302346476,-184.2687950002811,-0.013726531100725824,0.0,0.0,0.06921093525179856,0.0,1.0837272123912458
pr,,408.4315293063252,2.817208542931072,443.12146447778036,0.0749651798561151,0.4685323741007194,69.54243719646384,918.420584733107,-0.6961148300960067,-12.044065500330344,-160.6179932343901,-0.01311388888766071,0.0,0.0,0.0749651798561151,0.0,1.1205378436628508
pr,,408.4315293063252,2.817208542931072,443.12146447778036,0.08071942446043165,0.5044964028776978,74.824594752891,917.5631821090632,-0.7633392640161935,-11.169610904303255,-137.38902002390586,-0.012173124556533934,0.0,0.0,0.08071942446043165,0.0,1.156481702662216
pr,,408.4315293063252,2.817208542931072,443.12146447778036,0.08647366906474818,0.5404604316546762,80.10220317600502,916.839986336377,-0.8246601766528111,-9.984991518551595,-113.97178314476201,-0.01089065885798771,0.0,0.0,0.08647366906474818,0.0,1.1917281694293256
pr,,408.4315293063252,2.817208542931072,443.12146447778036,0.09222791366906474,0.5764244604316546,85.37603784168651,916.2529296119096,-0.8782514311557374,-8.473505449034105,-90.07123721098505,-0.00924799820571724,0.0,0.0,0.09222791366906474,0.0,1.226421374354856
pr,,408.4315293063252,2.817208542931072,443.12146447778036,0.0979821582733813,0.6123884892086331,90.64689012882216,915.8053981186447,-0.9221774226723141,-6.613741977495575,-65.477066360039,-0.007221776581664951,0.0,0.0,0.0979821582733813,0.0,1.2606863377612252
pr,,408.4315293063252,2.817208542931072,443.12146447778036,0.10373640287769784,0.6483525179856114,95.91557438314287,915.5019219545528,-0.954365609332429,-4.379346942360273,-40.00199647487357,-0.004783547513489188,0.0,0.0,0.10373640287769784,0.0,1.2946334974194413
pr,,408.4315293063252,2.817208542931072,443.12146447778036,0.10949064748201438,0.6843165467625899,101.18293411811898,915.3481074001302,-0.9725770896993275,-1.7386121121271176,-13.459253436556066,-0.0018993999092490727,0.0,0.0,0.10949064748201438,0.0,1.3283621313125402
pr,,408.4315293063252,2.817208542931072,443.12146447778036,0.11524489208633093,0.7202805755395683,106.44984819929999,915.3506645950634,-0.9743744080628427,1.3610276566517119,14.348056436458206,0.0014868920833239455,0.0,0.0,0.11524489208633093,0.0,1.361963008572819
pr,,408.4315293063252,2.817208542931072,443.12146447778036,0.12099913669064748,0.7562446043165467,111.7172373637264,915.5174845522549,-0.9569137176001001,4.958615048442323,43.63347499384691,0.005416188256489055,0.0,0.0,0.12099913669064748,0.0,1.39552049332409
pr,,408.4315293063252,2.817208542931072,443.12146447778036,0.12675338129496402,0.7922086330935252,116.98607129058453,915.8577498618228,-0.9173082402880786,9.073298094243674,74.63237325024714,0.009906885753396289,0.0,0.0,0.12675338129496402,0.0,1.4291142572330469
pr,,408.4315293063252,2.817208542931072,443.12146447778036,0.13250762589928056,0.8281726618705034,122.25737639465416,916.3820764292711,-0.8524937643957857,13.77255271593427,107.60755692449368,0.015029268980903374,0.0,0.0,0.13250762589928056,0.0,1.4628207116948961
pr,,408.4315293063252,2.817208542931072,443.12146447778036,0.13826187050359712,0.864136690647482,127.53224452815559,917.1027412339668,-0.7588069659814186,19.14118894821924,142.87355893039842,0.020871368154962298,0.0,0.0,0.13826187050359712,0.0,1.4967142408657987
pr,,408.4315293063252,2.817208542931072,443.12146447778036,0.14401611510791365,0.9001007194244603,132.8118433953531,918.0339745616255,-0.6322075979447975,25.251457452400842,180.79475609401547,0.027506016282740273,0.0,0.0,0.14401611510791365,0.0,1.530868296884152
pr,,408.4315293063252,2.817208542931072,443.12146447778036,0.1497703597122302,0.9360647482014388,138.0974286175566,919.1921937305679,-0.4682008403882058,32.18905110186134,221.76691744817498,0.03501884733291865,0.0,0.0,0.1497703597122302,0.0,1.565356405332125
pr,,408.4315293063252,2.817208542931072,443.12146447778036,0.15552460431654674,0.9720287769784172,143.39035683756111,920.5962660993891,-0.2617602507028871,40.057043315944775,266.2458332665891,0.04351206363856808,0.0,0.0,0.15552460431654674,0.0,1.6002531202485937
pr,,408.4315293063252,2.817208542931072,443.12146447778036,0.16127884892086328,1.0079928057553955,148.69210081146932,922.2678999910739,-0.007204789656908155,48.98889542135504,314.76314589046336,0.05311785807771166,0.0,0.0,0.16127884892086328,0.0,1.635634962546355
pr,,408.4315293063252,2.817208542931072,443.12146447778036,0.16703309352517984,1.043956834532374,154.0042670120771,924.232138402927,0.30202792359663255,59.17323929084144,367.9462441065054,0.0640242173282275,0.0,0.0,0.16703309352517984,0.0,1.6715813727293565
pr,,408.4315293063252,2.817208542931072,443.12146447778036,0.17278733812949637,1.0799208633093522,159.3286164025513,926.5179898098137,0.6737897961616043,70.89102808096422,426.54601823828426,0.07651338545030952,0.0,0.0,0.17278733812949637,0.0,1.7081757078975754
pr,,408.4315293063252,2.817208542931072,443.12146447778036,0.1785415827338129,1.1158848920863307,164.66708929940773,929.1592530407579,1.117876555255313,84.55775122342578,491.47655903108085,0.09100458392541738,0.0,0.0,0.1785415827338129,0.0,1.7455063139536433
pr,,408.4315293063252,2.817208542931072,443.12146447778036,0.18429582733812946,1.1518489208633091,170.02183563927244,932.1956216512503,1.6469217636226816,100.75459113923282,563.872602948217,0.10808309843888836,0.0,0.0,0.18429582733812946,0.0,1.7836677066629247
pr,,408.4315293063252,2.817208542931072,443.12146447778036,0.19005007194244602,1.1878129496402876,175.3952525515162,935.6741903095796,2.277409680101416,120.2298527593611,645.1718147046967,0.1284954250149633,0.0,0.0,0.19005007194244602,0.0,1.8227618999193833
pr,,408.4315293063252,2.817208542931072,443.12146447778036,0.19580431654676259,1.223776978417266,180.79003196124677,939.6515208665796,3.030585726659338,143.85942693963025,737.2270336209255,0.1530987006831618,2.854444275747499e-06,5.589125105335577e-07,0.19580375763425206,0.006998758250321602,1.8628960063367257
pr,,408.4315293063252,2.817208542931072,443.12146447778036,0.2015585611510791,1.2597410071942443,186.20922193928487,944.1964202356149,3.933014342596288,172.56794691739142,842.4414308117529,0.18276699976719757,3.103816399974466e-05,6.256007676559756e-06,0.20155230514340253,0.023415033417739838,1.9041592015035274
pr,,408.4315293063252,2.817208542931072,443.12146447778036,0.20731280575539565,1.2957050359712228,191.65630627435831,949.3934405128548,5.016582081514101,207.22262698556844,963.8843806929777,0.21826844187340122,9.682314067878198e-05,2.0072676956167677e-05,0.20729273307843948,0.04194128034613337,1.9466630785847472
pr,,408.4315293063252,2.817208542931072,443.12146447778036,0.2130670503597122,1.3316690647482012,197.13530610417413,955.3466659111732,6.317833709044309,248.51631086404996,1105.2752771534488,0.2601320753310261,0.0002109745973180256,4.495173515137977e-05,0.21302209862456084,0.0627623892902208,1.9905326712101004
pr,,408.4315293063252,2.817208542931072,443.12146447778036,0.21882129496402875,1.3676330935251797,202.65090306950066,962.1824456515511,7.876629363262327,296.8555919398513,1270.6333643553594,0.30852318422711683,0.00038873042924762074,8.506249591988713e-05,0.21873623246810886,0.086332570525511,2.035899220793651
pr,,408.4315293063252,2.817208542931072,443.12146447778036,0.22457553956834528,1.403597122302158,208.20857239669118,970.0485330241953,9.734193085406469,352.2657529891433,1463.3788000722097,0.36314240060848274,0.0006509259508016001,0.0001461820466203075,0.22442935752172496,0.11316736811903783,2.0828988494087533
pr,,408.4315293063252,2.817208542931072,443.12146447778036,0.23032978417266184,1.4395611510791364,213.81469614365997,979.1064829092854,11.930675980108894,414.31992692746076,1684.8884384443159,0.4231612538161977,0.0010248004965417914,0.00023604207718850749,0.23009374209547334,0.14378803874178614,2.1316709725208955
pr,,408.4315293063252,2.817208542931072,443.12146447778036,0.23608402877697837,1.4755251798561149,219.4766087893554,989.5154790942931,14.502389493372803,482.09686357917786,1932.961305794691,0.487204974317777,0.001547010938261065,0.00036522457486672555,0.23571880420211164,0.17883057393735236,2.1823516933063263
pr,,408.4315293063252,2.817208542931072,443.12146447778036,0.24183827338129493,1.5114892086330933,225.20252435659205,1001.4092861442932,17.478882532125724,554.1698861675138,2200.9634290281197,0.5533900013062825,0.002267812526243966,0.0005484438656993134,0.24128982951559563,0.21909578499252985,2.2350621927374656
pr,,408.4315293063252,2.817208542931072,443.12146447778036,0.2475925179856115,1.5474532374100718,231.001316752372,1014.8717258846784,20.88004764808108,628.628969360969,2478.170207481361,0.6194171670444203,0.003252719694894424,0.0008053490595603004,0.24678716892605118,0.26541698968282645,2.2898972361315653
pr,,408.4315293063252,2.817208542931072,443.12146447778036,0.253346762589928,1.58341726618705,236.8821646620827,1029.9171360483274,24.71345224225056,703.1381117468544,2751.155689566081,0.6827132855024762,0.0045901726135807175,0.0011629053713796233,0.25218385721854836,0.3188061364132149,2.3468959316051947
pr,,408.4315293063252,2.817208542931072,443.12146447778036,0.25910100719424456,1.6193812949640285,242.85410699837044,1046.4799642290247,28.972105019298386,775.030921911823,3005.5784500559325,0.7406075112797913,0.00639339964256916,0.0016565362867849926,0.2574444709074596,0.3802809412003757,2.406013487090158
pr,,408.4315293063252,2.817208542931072,443.12146447778036,0.2648552517985611,1.655345323741007,248.9255680374632,1064.4142015767668,33.63288724342976,841.4478028210104,3227.8157071158344,0.7905266592408615,0.008803053863806044,0.002331535047694646,0.2625237167508665,0.45080078144467184,2.4670800930844012
pr,,408.4315293063252,2.817208542931072,443.12146447778036,0.2706094964028777,1.6913093525179854,255.1039063507325,1083.501000223046,38.655897977692035,899.5166613526408,3406.173620331701,0.8301945832698532,0.01198380750088885,0.00324293211280456,0.2673665642900731,0.5311003912036927,2.529760895795063
pr,,408.4315293063252,2.817208542931072,443.12146447778036,0.27636374100719424,1.7272733812949639,261.3950276060733,1103.4618019670388,43.98496503359232,946.573036588658,3531.5925389357844,0.8578212992069959,0.01610948479797241,0.00445207748446618,0.27191166352272805,0.621427360783828,2.593537834812406
pr,,408.4315293063252,2.817208542931072,443.12146447778036,0.28211798561151075,1.7632374100719421,267.80308459080896,1123.9745458633056,49.54952355445564,980.402668943993,3598.0118859019194,0.8722641207065437,0.02133413053958731,0.006018741932601384,0.27609924367890937,0.7212678219576676,2.6577398388217577
pr,,408.4315293063252,2.817208542931072,443.12146447778036,0.2878722302158273,1.7992014388489206,274.3302765379194,1144.6913537208723,55.26791856924932,999.4718492794295,3602.5189507717123,0.8731365411563563,0.02775701901007611,0.007990474966573725,0.27988175524925357,0.8292450648645343,2.7216279209014282
pr,,408.4315293063252,2.817208542931072,443.12146447778036,0.29362647482014387,1.835165467625899,280.97675268232126,1165.2567313971108,61.051934546220544,1003.098223238599,3545.379371385584,0.860838814495336,0.03539306995931397,0.010392342365216092,0.2832341324549278,0.9432414217102776,2.7845218372953093
pr,,408.4315293063252,2.817208542931072,443.12146447778036,0.29938071942446043,1.8711294964028777,287.74062105649017,1185.3257544219373,66.81206364658979,991.520342426326,3430.001205855079,0.8364960760595919,0.044162411576361256,0.013221374549250152,0.2861593448752103,1.0607282401814109,2.8459221424370886
pr,,408.4315293063252,2.817208542931072,443.12146447778036,0.30513496402877693,1.9070935251798558,294.618061335801,1204.5818739093274,72.46283570717408,965.8513063599369,3262.8388840310427,0.8018145775557631,0.05391268117110434,0.016450644029839843,0.28868431999893707,1.179266607628891,2.905549034986139
pr,,408.4315293063252,2.817208542931072,443.12146447778036,0.3108892086330935,1.9430575539568342,301.60353855329066,1222.7538871512827,77.92755298297728,927.9357874791731,3053.1989251122327,0.7588900736525453,0.06445005210066895,0.020036825693938616,0.2908523829391549,1.2968083767844532,2.963329654371978
pr,,408.4315293063252,2.817208542931072,443.12146447778036,0.31664345323741006,1.979021582733813,308.6901112508957,1239.631270930763,83.14197470368262,880.1501688240446,2812.865151072433,0.7100096532440601,0.07557625136424642,0.02393072521471351,0.29271272802269654,1.4118787588701622,3.0193232468999005
pr,,408.4315293063252,2.817208542931072,443.12146447778036,0.3223976978417266,2.014985611510791,315.8698216574815,1255.0764985053943,88.05675170286541,825.1852711965937,2555.425089157908,0.6574780678144035,0.08710792571090326,0.028083394712963356,0.2943143031287633,1.5235195699793853,3.07366701594429
pr,,408.4315293063252,2.817208542931072,443.12146447778036,0.3281519424460431,2.0509496402877696,323.134145589954,1269.0322838675056,92.63861049237157,765.838840411046,2295.1804452826477,0.6034825513477671,0.09889066963307544,0.03245116532988364,0.2957007771161595,1.6312145933630644,3.12651637546167
pr,,408.4315293063252,2.817208542931072,443.12146447778036,0.3339061870503597,2.086913669064748,330.47446600177767,1281.5212931583085,96.870399733288,704.8316215935636,2045.618443051153,0.5499960284362552,0.11080039936673314,0.03699693887620295,0.29690924817415676,1.7347574718937941,3.178019569091262
pr,,408.4315293063252,2.817208542931072,443.12146447778036,0.33966043165467624,2.1228776978417265,337.8825195629,1292.6364051647042,100.75015760338448,644.6521117585162,1817.6556339845915,0.49871109090137095,0.12273995233695328,0.04168990519204394,0.2979705264626323,1.8341391982495587,3.2283087685247933
pr,,408.4315293063252,2.817208542931072,443.12146447778036,0.34541467625899275,2.1588417266187045,345.3507581213019,1302.5217147244111,104.2893716047834,587.4317974516127,1618.1766044612675,0.4509957805777558,0.13463426381376406,0.046504650648599134,0.2989100256103936,1.9294668783385753,3.2774992296559575
pr,,408.4315293063252,2.817208542931072,443.12146447778036,0.3511689208633093,2.194805755395683,352.8725766608161,1311.3478210116878,107.51061010516429,534.8524871476399,1449.5088674639421,0.40786470117059265,0.14642784185091057,0.05142090720712758,0.29974801365618176,2.020923590049625,3.3256826874328005
pr,,408.4315293063252,2.817208542931072,443.12146447778036,0.35692316546762587,2.2307697841726615,360.4423903681795,1319.2876078037532,110.4447156813326,488.0880634902052,1310.118968343802,0.36996335037417355,0.15808070823028525,0.05642266678091759,0.30050049868670825,2.10873143306375,3.3729301199326676
pr,,408.4315293063252,2.817208542931072,443.12146447778036,0.3626774100719424,2.26673381294964,368.0555838583089,1326.4984218702184,113.12776631670393,447.7836265200446,1196.1401715807926,0.33756815623551095,0.16956213468281667,0.06149635585303382,0.30118105421890856,2.1931114045981817,3.4193072406968232
pr,,408.4315293063252,2.817208542931072,443.12146447778036,0.36843165467625894,2.3026978417266184,375.7083831415417,1333.113190030391,115.59802871494111,414.07481799079807,1102.95158243223,0.31060739709683494,0.18085113397665165,0.06663128254109556,0.30180037213516336,2.274290333742867,3.4648645372518048
pr,,408.4315293063252,2.817208542931072,443.12146447778036,0.3741858992805755,2.338661870503597,383.39770261966015,1339.2391351397646,117.89314189111775,386.64848017927886,1026.2401814278421,0.28870757285548393,0.1919329180233127,0.07181859153209824,0.30236730774847725,2.3524840645552008,3.509645890409955
pr,,408.4315293063252,2.817208542931072,443.12146447778036,0.37994014388489206,2.3746258992805753,391.1210022760768,1344.9608509962382,120.04776857661874,364.84207535600524,962.4538174965481,0.2712659443475695,0.2027987596633012,0.07705138992615229,0.30288875395873976,2.427901625285701,3.553684274448043
pr,,408.4315293063252,2.817208542931072,443.12146447778036,0.3856943884892086,2.410589928057554,398.8761700593844,1350.3448130965933,122.09192297820765,347.77308364706494,908.8472725948404,0.257543910469472,0.21344225421629692,0.08232347971771285,0.30337090877149575,2.50072954717246,3.597014259802339
pr,,408.4315293063252,2.817208542931072,443.12146447778036,0.3914486330935252,2.4465539568345323,406.66143098553266,1355.4436469080524,124.05011135682405,334.4815216909989,863.3519167205744,0.24676903569838243,0.22386048667362607,0.08762988151204223,0.30381875158148297,2.571143146099917,3.6396641077464245
pr,,408.4315293063252,2.817208542931072,443.12146447778036,0.3972028776978416,2.4825179856115103,414.4752786427359,1360.2995471562847,125.94129996107566,324.06148495104463,824.4109721179059,0.2382280326627303,0.23405310513610283,0.09296656689417553,0.3042363108036661,2.6393053293965387,3.6816574928698023
pr,,408.4315293063252,2.817208542931072,443.12146447778036,0.4029571223021582,2.5184820143884887,422.31642364448913,1364.9468177752105,127.77956945931673,315.75620836701387,790.8386178814243,0.23133224258632978,0.24402067039177133,0.09832986712331163,0.3046272551788466,2.705361727183024,3.723019132383983
pr,,408.4315293063252,2.817208542931072,443.12146447778036,0.40871136690647475,2.554446043165467,430.18375436546,1369.4137055122662,129.57517687762635,309.00012145851696,761.7153815452518,0.22564409879549666,0.2537658132200339,0.1037169723952932,0.30499439451118154,2.7694495322881325,3.7637681762559656
pr,,408.4315293063252,2.817208542931072,443.12146447778036,0.4144656115107913,2.5904100719424457,438.07630649653134,1373.7237219301846,131.3356940225884,303.40938211987185,736.3149297436485,0.22086637747913312,0.26329156324171366,0.10912529876460904,0.3053403127461823,2.831691772324266,3.8039246715871693
pr,,408.4315293063252,2.817208542931072,443.12146447778036,0.42021985611510787,2.626374100719424,445.99323899493686,1377.896610040253,133.06696047755094,298.73979743009244,714.0537622435892,0.21680857275740392,0.27260201668821504,0.11455278022940996,0.3056670758856979,2.8922027814676285,3.8435056565470487
pr,,408.4315293063252,2.817208542931072,443.12146447778036,0.42597410071942443,2.6623381294964026,453.93381476379176,1381.949066190718,134.77373775750186,294.8369748312546,694.4564520857637,0.21334865520330631,0.28170069046096635,0.11999719829115109,0.30597690242827336,2.951082412398369,3.8825321332393656
pr,,408.4315293063252,2.817208542931072,443.12146447778036,0.431728345323741,2.698302158273381,461.89738491007336,1385.8952915909015,136.46008862070246,291.59630103160885,677.1311920068671,0.21040283692491563,0.29059329998758865,0.12545736456580714,0.30627098075793385,3.008430401688484,3.9210155482291964
pr,,408.4315293063252,2.817208542931072,443.12146447778036,0.43748258992805755,2.7342661870503595,469.8833757713611,1389.7474227117311,138.12957064120147,288.9382074837834,661.7521491473401,0.2079069928548567,0.2992837833946951,0.130931444682979,0.30655114524507854,3.064329554503251,3.95897600277569
pr,,408.4315293063252,2.817208542931072,443.12146447778036,0.44323683453237406,2.770230215827338,477.89127812707693,1393.5158733146955,139.78533086349137,286.7958672225989,648.0463950892519,0.20580739173096754,0.30777792252035874,0.13641851211687409,0.3068183224155,3.11886327281423,3.9964248677745244
pr,,408.4315293063252,2.817208542931072,443.12146447778036,0.44899107913669056,2.806194244604316,485.9206381614621,1397.209610333524,141.4301577842133,285.1101791227087,635.7839850320842,0.2040568408734684,0.31608038887456946,0.14191727489473774,0.30707380424195285,3.1721033440711848,4.03337851203691
pr,,408.4315293063252,2.817208542931072,443.12146447778036,0.4547453237410071,2.8421582733812945,493.9710498497987,1400.8363790580577,143.0665182831965,283.8280634537491,624.7702575942183,0.2026132871025231,0.3241963546786438,0.14742677626399425,0.30731854747701287,3.2241179460625466,4.069850454471213
pr,,408.4315293063252,2.817208542931072,443.12146447778036,0.4604995683453237,2.878122302158273,502.04214851291243,1404.402888667326,144.696589989578,282.9019074034399,614.8397536287372,0.20143928048445758,0.3321310773235616,0.15294621774156744,0.3075533506037562,3.2749704951257064,4.105853163650043
pr,,408.4315293063252,2.817208542931072,443.12146447778036,0.46625381294964025,2.9140863309352514,510.1336053385998,1407.9149662438379,146.32229183165072,282.2892577561977,605.8513424283743,0.2005016386105436,0.3398896595607326,0.1584748497523467,0.30777896319729353,3.324719251588908,4.141399102745589
pr,,408.4315293063252,2.817208542931072,443.12146447778036,0.4720080575539568,2.95005035971223,518.2451227086027,1411.3776853958034,147.94531286617826,281.952483120336,597.6842699997758,0.19977110736398382,0.3474769553112407,0.16401192272122175,0.307996134832735,3.3734174968208572,4.17650112311187
pr,,408.4315293063252,2.817208542931072,443.12146447778036,0.4777623021582733,2.9860143884892083,526.3764302002829,1414.795474210704,149.5671389409884,281.85836930541967,590.2349270175405,0.1992219896396437,0.35489813274372306,0.1695569489313136,0.30820535322695974,3.4211163234131243,4.2111696225101465
pr,,408.4315293063252,2.817208542931072,443.12146447778036,0.48351654676258987,3.0219784172661868,534.5272811559795,1418.1722062411209,151.1890768676926,281.97767848276055,583.4141833767832,0.19883176192695604,0.3621574087695977,0.17510909967276356,0.3084074470898263,3.4678598629020425,4.245418779689825
pr,,408.4315293063252,2.817208542931072,443.12146447778036,0.48927079136690643,3.0579424460431652,542.6974497317923,1421.5112774689896,152.81227601088267,282.28470732928895,577.1451801803158,0.19858070196382738,0.3692601840059312,0.18066822244887143,0.308602568918035,3.5136943169969204,4.279255894413833
pr,,408.4315293063252,2.817208542931072,443.12146447778036,0.495025035971223,3.0939064748201437,550.8867283526816,1424.815671621334,154.43774737575387,282.7568682752213,571.3614890884646,0.1984515428255116,0.37621050060045763,0.18623361659249335,0.30879141937872967,3.5586579716334907,4.312694064020324
pr,,408.4315293063252,2.817208542931072,443.12146447778036,0.5007792805755394,3.1298705035971213,559.0949255129376,1428.088015760352,156.06638037809492,283.37430648338284,566.0055726350424,0.19842916077725561,0.3830132607173923,0.19180510515294721,0.3089741754225922,3.602790388393488,4.345741052878267
pr,,408.4315293063252,2.817208542931072,443.12146447778036,0.5065335251798561,3.1658345323741,567.3218638710379,1431.3306277207166,157.69895752392176,284.11955720470905,561.0274902066506,0.19850029874449587,0.3896725188534533,0.19738219464055362,0.30915133053930244,3.6461258273366033,4.3784079045627164
pr,,408.4315293063252,2.817208542931072,443.12146447778036,0.5122877697841726,3.2017985611510786,575.5673785960475,1434.54555669834,159.33616723614693,284.9772435109041,556.3838117778243,0.19865332416963447,0.3961922063412264,0.2029644217924176,0.309323347991755,3.6886963670745425,4.410705321457302
pr,,408.4315293063252,2.817208542931072,443.12146447778036,0.5180420143884892,3.237762589928057,583.8313159295933,1437.7346180518246,160.97861505557302,285.93381182981,552.0366926589182,0.19887801840457822,0.4025767269320865,0.20855165856582283,0.3094903558226664,3.730534372267756,4.442640591858639
pr,,408.4315293063252,2.817208542931072,443.12146447778036,0.5237962589928057,3.2737266187050356,592.1135319327752,1440.8994232157088,162.62683342397364,286.9773016619917,547.9530997494048,0.19916539422406998,0.4088297442551625,0.21414349060583962,0.3096527683869661,3.771667944950906,4.474223840900592
pr,,408.4315293063252,2.817208542931072,443.12146447778036,0.5295505035971223,3.3096906474820145,600.413891392397,1444.0414054637888,164.2812902348727,288.0971455877356,544.1041429069066,0.1995075380094148,0.4149551539321706,0.21973971073500234,0.30981079286212,3.812124834600539,4.50546304644934
pr,,408.4315293063252,2.817208542931072,443.12146447778036,0.5353047482014388,3.3456546762589925,608.7322668643747,1447.1618421467651,165.9423963150081,289.28399576964443,540.4645181547382,0.19989747334721839,0.4209564448853615,0.2253399837331313,0.3099647644683075,3.851930111208362,4.536367376450644
pr,,408.4315293063252,2.817208542931072,443.12146447778036,0.5410589928057553,3.3816187050359705,617.0685378358885,1450.2618739188558,167.6105119784179,290.52957346862286,537.0120179588323,0.20032904311520114,0.4268375771791959,0.23094430960022458,0.3101146832055307,3.8911096026315817,4.5669426054321915
pr,,408.4315293063252,2.817208542931072,443.12146447778036,0.5468132374100719,3.4175827338129494,625.4225899900619,1453.342521397555,169.28595277606053,291.82653839851105,533.7271287184524,0.20079680742973546,0.4326020653047685,0.23655253583958383,0.31026070157048813,3.92968651187683,4.597195938334948
pr,,408.4315293063252,2.817208542931072,443.12146447778036,0.5525674820143884,3.4535467625899274,633.7943145598399,1456.4046996302145,170.9689945463699,293.1683752183859,530.5926710858417,0.20129595523333743,0.4382522853159171,0.24216396178406766,0.3104035202303208,3.9676789702443607,4.627139793492242
pr,,408.4315293063252,2.817208542931072,443.12146447778036,0.5583217266187049,3.489510791366906,642.1836077591586,1459.4492306645193,172.6598778585738,294.5492948599241,527.593500574306,0.20182222763981267,0.44379269794483345,0.2477791053773328,0.3105426212413721,4.005112116970059,4.656774630660208
pr,,408.4315293063252,2.817208542931072,443.12146447778036,0.5640759712230216,3.525474820143885,650.5903702814904,1462.4768545069544,174.35881192767584,295.964148554915,524.7162466212773,0.20237185131705457,0.4492252914813572,0.25339719259029153,0.31067877863273,4.042001217043298,4.686113320651127
pr,,408.4315293063252,2.817208542931072,443.12146447778036,0.5698302158273381,3.561438848920863,659.0145068571276,1465.4882386808176,176.06597806836032,297.40835285049405,521.949086858019,0.20294148052543287,0.45455392053411836,0.25901855864311935,0.3108116571842187,4.078367810771163,4.71515791382028
pr,,408.4315293063252,2.817208542931072,443.12146447778036,0.5755844604316546,3.597402877697841,667.4559258617272,1468.4839865773827,177.78153274701307,298.8778241010744,519.2815533313171,0.20352814660081744,0.4597805808568499,0.26464255754944266,0.3109419028822119,4.114226032503613,4.743919751819417
pr,,408.4315293063252,2.817208542931072,443.12146447778036,0.5813387050359712,3.6333669064748197,675.9145389697039,1471.464644768906,179.5056102817273,300.3689211520264,516.7043654067741,0.20412921385494753,0.46490865677006743,0.2702693964867238,0.31106930854924736,4.149594585176141,4.772401900366452
pr,,408.4315293063252,2.817208542931072,443.12146447778036,0.5870929496402877,3.6693309352517978,684.3902608469353,1474.4307094198523,181.23832523469994,301.8783951488384,514.2092835268219,0.20474234104064423,0.4699410470250145,0.2758990754549609,0.3111938741853268,4.184489899863172,4.8006093165134915
pr,,408.4315293063252,2.817208542931072,443.12146447778036,0.5928471942446043,3.7052949640287767,692.8830088779396,1477.3826319155285,182.97977453461718,303.4033454815658,511.7889833740137,0.2053654476011962,0.4748796229275146,0.2815310520565127,0.3113161421880916,4.218924257922033,4.828551938496896
pr,,408.4315293063252,2.817208542931072,443.12146447778036,0.5986014388489208,3.741258992805755,701.3927029233572,1480.3208238098841,184.73003936203773,304.9411810600798,509.4369451003292,0.20599668406694188,0.47972764994310657,0.287165661511555,0.3114357773373658,4.2529145782415,4.8562313324981305
pr,,408.4315293063252,2.817208542931072,443.12146447778036,0.6043556834532374,3.777223021582734,709.9192651040705,1483.24566117658,186.48918682611495,306.48958619225107,507.14735668180674,0.20663440602895758,0.4844875026314344,0.29280277577737274,0.3115529076758647,4.286474185952021,4.883653322370117
pr,,408.4315293063252,2.817208542931072,443.12146447778036,0.6101099280575538,3.813187050359711,718.4626196087596,1486.157488457689,188.25727145728965,308.04649055612924,504.9150359821164,0.20727715127675672,0.4891607868216355,0.29844185245632443,0.3116680756012294,4.319613331459071,4.91082743945663
pr,,408.4315293063252,2.817208542931072,443.12146447778036,0.6158641726618704,3.84915107913669,727.022692522315,1489.056621854038,190.03433653843743,309.61004269933494,502.73534933124677,0.20792361966319095,0.49375013694468506,0.3040830195911237,0.3117811530707467,4.352345640059585,4.937756862727682
pr,,408.4315293063252,2.817208542931072,443.12146447778036,0.6216184172661869,3.885115107913668,735.5994116724105,1491.943352316117,191.82041529257938,311.17858656972174,500.6041541418819,0.20857265531338243,0.49825821718953667,0.3097264843592318,0.31189193290695516,4.384684537016159,4.964443971175017
pr,,408.4315293063252,2.817208542931072,443.12146447778036,0.6273726618705036,3.921079136690647,744.1927064923369,1494.8179482012595,193.61553194393278,312.7506407954478,498.51774032401516,0.20922323094379894,0.5026863992172239,0.3153717043630084,0.3120009575074952,4.416638599980104,4.990897916024931
pr,,408.4315293063252,2.817208542931072,443.12146447778036,0.6331269064748201,3.9570431654676255,752.8025078981558,1497.6806576188214,195.4197026671669,314.3248803043594,496.4727803829016,0.20987443398254732,0.5070375159772891,0.3210190939573782,0.31210781251744185,4.448221335855026,5.0171189821466715
pr,,408.4315293063252,2.817208542931072,443.12146447778036,0.6388811510791367,3.9930071942446044,761.4287481785217,1500.5317105218398,197.2329364369204,315.90011994903955,494.46629123539316,0.2105254542332724,0.5113130012297875,0.3266682387874147,0.312212912291722,4.479441082974634,5.043114919063068
pr,,408.4315293063252,2.817208542931072,443.12146447778036,0.6446353956834533,4.028971223021583,770.0713608959084,1503.3713205537863,199.05523578860635,317.4753000240489,492.4955872366523,0.21117557298292933,0.5155148803158514,0.3323191388531169,0.31231625683033637,4.510308062545716,5.068889591068292
pr,,408.4315293063252,2.817208542931072,443.12146447778036,0.6503896402877698,4.064935251798561,778.7302807976835,1506.199686694084,200.88659750125473,319.04947341577355,490.5582572856622,0.21182415335382682,0.5196451069007582,0.3379717941544838,0.312417846133286,4.540832047540249,5.094446773315035
pr,,408.4315293063252,2.817208542931072,443.12146447778036,0.6561438848920864,4.10089928057554,787.4054437362738,1509.01699472177,202.72701321043186,320.62179409360033,488.6521244064969,0.21247063168610372,0.5237048600782732,0.34362574142862473,0.3125181434634617,4.571019929512555,5.119794292773252
pr,,408.4315293063252,2.817208542931072,443.12146447778036,0.6618981294964028,4.136863309352518,796.0967865970828,1511.8234185195718,204.57646995863348,322.1915067930959,486.7752308057544,0.21311450983382482,0.5276971841941173,0.349281779158605,0.31261635033779783,4.600884936465173,5.144928595677995
pr,,408.4315293063252,2.817208542931072,443.12146447778036,0.6676523741007195,4.172827338129497,804.8042472336651,1514.619121243615,206.43495068947345,323.75793788995327,484.925806006604,0.21375534835723184,0.5316225082022462,0.35493902972660896,0.3127133443741106,4.630431030049541,5.16986101591444
pr,,408.4315293063252,2.817208542931072,443.12146447778036,0.6734066187050359,4.208791366906475,813.5277644091043,1517.404256355528,208.30243469304932,325.320487318717,483.1022509894928,0.21439276050277165,0.5354831649575886,0.36059790748756076,0.31280871121747517,4.659668655374546,5.194591273907216
pr,,408.4315293063252,2.817208542931072,443.12146447778036,0.6791608633093525,4.244755395683454,822.2672777430665,1520.1789685512997,210.17889800712814,326.87739742384946,481.3031181200676,0.21502560171277538,0.5392809866862801,0.36625854048417344,0.3129023228251791,4.68860637402251,5.219121585449487
pr,,408.4315293063252,2.817208542931072,443.12146447778036,0.684915107913669,4.280719424460432,831.022727663868,1522.9433945950143,212.06429969384777,328.42888159014416,479.52709810893947,0.2156540307116805,0.5430162757418844,0.3719200510986314,0.31299505681503764,4.717247343116273,5.243462921603531
pr,,408.4315293063252,2.817208542931072,443.12146447778036,0.6906693525179856,4.31668345323741,839.7940553651222,1525.697664054019,213.95861824671172,329.97764345991834,477.7729989197245,0.21627983789600605,0.546691680366985,0.37758318890603504,0.3130861636119505,4.7456027072489535,5.267611849870157
pr,,408.4315293063252,2.817208542931072,443.12146447778036,0.6964235971223022,4.352647482014389,848.5812027662704,1528.4418999659335,215.86184384269643,331.52256435315803,476.0397430189712,0.2169023005457696,0.5503084225843655,0.38324777118290376,0.3131758259393984,4.7736785745121395,5.29157307428299
pr,,408.4315293063252,2.817208542931072,443.12146447778036,0.7021778417266187,4.388611510791367,857.3841124769028,1531.1762194440225,217.77394210098842,333.0612877211552,474.3263488353085,0.21751989319824427,0.5538671024812121,0.38891320662363343,0.31326463510298524,4.801478825315626,5.315354747213802
pr,,408.4315293063252,2.817208542931072,443.12146447778036,0.7079320863309353,4.4245755395683455,866.2027277642576,1533.900734202075,219.6948760782488,334.5933963725064,472.6319212419068,0.21813236600773886,0.5573704101265544,0.39458039730002076,0.31335168903091454,4.829014417549788,5.338951970905415
pr,,408.4315293063252,2.817208542931072,443.12146447778036,0.7136863309352518,4.4605395683453235,875.0369925235818,1536.6155510341894,221.62460659242132,336.11852702432236,470.9556454311538,0.21873950631184508,0.5608184551744793,0.4002484655942501,0.3134378653410017,4.856287372480456,5.362375217462348
pr,,408.4315293063252,2.817208542931072,443.12146447778036,0.7194405755395684,4.496503597122302,883.8868512511524,1539.3207722497543,223.56309251932987,337.63636582480933,469.2967774623058,0.2193411353316214,0.5642128516025836,0.40591761868378384,0.3135229568557846,4.8833047878089735,5.38562547583484
pr,,408.4315293063252,2.817208542931072,443.12146447778036,0.7251948201438849,4.53246762589928,892.7522490196429,1542.01649606942,225.51029106495824,339.1466443805997,467.65464015505415,0.2199371052417922,0.5675550530403293,0.41158798461133467,0.31360683553255025,4.9100731300776355,5.408704372023019
pr,,408.4315293063252,2.817208542931072,443.12146447778036,0.7309490647482015,4.568431654676259,901.6331314557016,1544.702816965511,227.46615801632814,340.6491362453509,466.0286078861106,0.22052729658028242,0.5708462921703584,0.4172595633769021,0.3136895013712994,4.9365980371833516,5.431614575599386
pr,,408.4315293063252,2.817208542931072,443.12146447778036,0.736703309352518,4.604395683453237,910.5294447192357,1547.3798259708092,229.43064797336805,342.1271983832634,464.4181107883613,0.221100981569678,0.574087589357354,0.42293222693777216,0.3137710824147459,4.962884356993955,5.4543597829620625
pr,,408.4315293063252,2.817208542931072,443.12146447778036,0.7424575539568344,4.640359712230215,919.4411354845429,1550.0479503113822,231.40352518690173,343.6102988923608,462.940569302014,0.22167720606535718,0.5772796542907649,0.4286056400737683,0.31385191388306616,4.988935821741498,5.47694537185015
pr,,408.4315293063252,2.817208542931072,443.12146447778036,0.748211798561151,4.676323741007194,928.368154828258,1552.7069335014678,233.38508339014595,345.10243945791854,461.24092555688287,0.22225858081259886,0.5804244131483041,0.4342803940904932,0.31393140447065787,5.014760234189325,5.499368801120674
pr,,408.4315293063252,2.817208542931072,443.12146447778036,0.7539660431654676,4.712287769784172,937.3104464729144,1555.356500844736,235.37513288727615,346.5741148407673,459.66790799554326,0.22282615892403962,0.5835224395686102,0.4399561048598057,0.3140099383056619,5.040360747725272,5.521635748759998
pr,,408.4315293063252,2.817208542931072,443.12146447778036,0.7597202877697842,4.748251798561151,946.267958333807,1557.9970566324241,237.3736278507825,348.0379207781822,458.10878356441947,0.22338804768377316,0.5865744185635509,0.4456324860694947,0.3140878017002895,5.065740847196581,5.5437509761145165
pr,,408.4315293063252,2.817208542931072,443.12146447778036,0.7654745323741007,4.784215827338129,955.2406387862508,1560.6286796169807,239.38052354274697,349.4943592312513,456.5631379532758,0.2239445960438369,0.5895823678090648,0.45131028729465894,0.31416424507944174,5.090908474890584,5.565710494713803
pr,,408.4315293063252,2.817208542931072,443.12146447778036,0.7712287769784173,4.820179856115108,964.2284366518624,1563.2514462625145,241.3957799124735,350.9449381400329,455.03059011535635,0.22449679415239718,0.592546134893867,0.4569886309174853,0.314240146060932,5.115864187550612,5.587523914409617
pr,,408.4315293063252,2.817208542931072,443.12146447778036,0.7769830215827338,4.856143884892086,973.231301185943,1565.8654309217197,243.41936957615596,352.39330161399863,453.51078723391447,0.2250469897701033,0.5954671328797931,0.46266785215814893,0.3143151694245849,5.140613791426737,5.609190619305712
pr,,408.4315293063252,2.817208542931072,443.12146447778036,0.7827372661870504,4.892107913669065,982.2491820657966,1568.4707059976063,245.4512944212928,353.847262777837,452.0034044750026,0.2256001731015925,0.5983463050099989,0.46834795101664956,0.31438931517040086,5.165161462021256,5.630712758072744
pr,,408.4315293063252,2.817208542931072,443.12146447778036,0.7884915107913669,4.928071942446043,991.2820293799737,1571.0673420938765,247.49161698133906,355.3214217857876,450.50814128276465,0.22616562146357438,0.6011849921344155,0.47402926271316126,0.31446224807820566,5.189512673369116,5.652089660248254
pr,,408.4315293063252,2.817208542931072,443.12146447778036,0.7942457553956834,4.964035971223021,1000.3297936183197,1573.6554081409975,249.54050716951068,356.8350553847768,449.0247166686684,0.22675552318427572,0.6039830688495582,0.4797109887646204,0.314534766631063,5.213667926216317,5.6733299876037675
pr,,408.4315293063252,2.817208542931072,443.12146447778036,0.8,5.0,1009.3924256626715,1576.2392061940777,251.59824936549677,358.3733994113499,449.0247166686597,0.22735978016729044,0.6067421505957857,0.4853937204766286,0.31460627952337145,5.2376335469307085,5.694430856148858
dieterici,1.6666666666666667,102.65152674567649,2.2758720402060133,249.89454341417527,0.00016,0.001,0.1512815560409971,935.9989619220274,-0.00041949392837385344,-0.8666059477670737,-398.96846704158605,-0.0009258620821411398,0.0,0.0,0.00016,0.0,0.13331828549563274
dieterici,1.6666666666666667,102.65152674567649,2.2758720402060133,249.89454341417527,0.005914244604316546,0.036964028776978415,5.530643343848044,933.7031997732607,-0.009780283579744604,-2.3869191611060376,-398.96846704159026,-0.002556400322592526,0.0,0.0,0.005914244604316546,0.0,0.44605855386995935
dieterici,1.6666666666666667,102.65152674567649,2.2758720402060133,249.89454341417527,0.011668489208633092,0.07292805755395683,10.896794754697757,931.5597677002738,-0.027889327335842238,-3.8266444131365818,-346.0231766500167,-0.004107781965062054,0.0,0.0,0.011668489208633092,0.0,0.5619507025552202
dieterici,1.6666666666666667,102.65152674567649,2.2758720402060133,249.89454341417527,0.01742273381294964,0.10889208633093525,16.251488877623398,929.6885524631651,-0.05381917951360308,-5.092443078262594,-304.35419371943556,-0.005477579631125296,0.0,0.0,0.01742273381294964,0.0,0.6451977983199556
dieterici,1.6666666666666667,102.65152674567649,2.2758720402060133,249.89454341417527,0.023176978417266184,0.14485611510791366,21.596105428109812,928.0350898582242,-0.08649565354760558,-6.135882560050515,-270.3390001363599,-0.006611692410238381,0.0,0.0,0.023176978417266184,0.0,0.7128432995211268
dieterici,1.6666666666666667,102.65152674567649,2.2758720402060133,249.89454341417527,0.02893122302158273,0.18082014388489207,26.93177069448961,926.561991428577,-0.1244339177413844,-6.925972998023101,-241.66510498684482,-0.007474915938807946,0.0,0.0,0.02893122302158273,0.0,0.7711036515408185
dieterici,1.6666666666666667,102.65152674567649,2.2758720402060133,249.89454341417527,0.03468546762589928,0.2167841726618705,32.25943410759518,925.2429268270702,-0.16620313905463865,-7.484705857430205,-216.80153736526518,-0.008089449419621569,0.0,0.0,0.03468546762589928,0.0,0.8230322051389632
dieterici,1.6666666666666667,102.65152674567649,2.2758720402060133,249.89454341417527,0.04043971223021583,0.2527482014388489,37.57991893324305,924.0589843168777,-0.21057157433141285,-7.8451719298175755,-194.70078539142568,-0.008489903851340418,0.0,0.0,0.04043971223021583,0.0,0.870382362176348
dieterici,1.6666666666666667,102.65152674567649,2.2758720402060133,249.89454341417527,0.04619395683453237,0.2887122302158273,42.89395695674642,922.9963916812835,-0.25648921554881543,-8.033787726794852,-174.62402043874914,-0.008704029397299064,0.0,0.0,0.04619395683453237,0.0,0.9142654782362964
dieterici,1.6666666666666667,102.65152674567649,2.2758720402060133,249.89454341417527,0.051948201438848915,0.3246762589928057,48.20221294651438,922.0450452200096,-0.30302833368968035,-8.066906807285557,-156.0350066591643,-0.008748929186383415,0.0,0.0,0.051948201438848915,0.0,0.9554361075803295
dieterici,1.6666666666666667,102.65152674567649,2.2758720402060133,249.89454341417527,0.05770244604316546,0.36064028776978413,53.505302409534515,921.1466434270811,-0.3493271254875101,-7.986927857531053,-156.22206779835577,-0.008670636661950022,0.0,0.0,0.05770244604316546,0.0,0.9944333919258299
dieterici,1.6666666666666667,102.65152674567649,2.2758720402060133,249.89454341417527,0.06345669064748201,0.39660431654676254,58.80321915196354,920.3828059986339,-0.3949458067482075,-7.731277840525038,-109.26453590782583,-0.00840006765677945,0.0,0.0,0.06345669064748201,0.0,1.031658156564595
dieterici,1.6666666666666667,102.65152674567649,2.2758720402060133,249.89454341417527,0.06921093525179856,0.43256834532374094,64.09751800018124,919.7824068104252,-0.4383024530841367,-7.271683524280183,-99.41591808548128,-0.007905873683207922,0.0,0.0,0.06921093525179856,0.0,1.067418080848475
dieterici,1.6666666666666667,102.65152674567649,2.2758720402060133,249.89454341417527,0.0749651798561151,0.4685323741007194,69.38852505503189,919.2488081506735,-0.47863189811598106,-6.673103025075401,-86.04670870357934,-0.007259300165425525,0.0,0.0,0.0749651798561151,0.0,1.1019556963464585
dieterici,1.6666666666666667,102.65152674567649,2.2758720402060133,249.89454341417527,0.08071942446043165,0.5044964028776978,74.6766829888321,918.7944420811368,-0.5150997872363138,-5.924349552312006,-71.87708521960478,-0.006447959718708049,0.0,0.0,0.08071942446043165,0.0,1.1354665480695634
dieterici,1.6666666666666667,102.65152674567649,2.2758720402060133,249.89454341417527,0.08647366906474818,0.5404604316546762,79.9624609766747,918.4226597010526,-0.546812211006934,-5.015063470237708,-57.34313590350619,-0.005460518005805863,0.0,0.0,0.08647366906474818,0.0,1.1681114260750636
dieterici,1.6666666666666667,102.65152674567649,2.2758720402060133,249.89454341417527,0.09222791366906474,0.5764244604316546,85.24634025696577,918.1353034765601,-0.5728155910641545,-3.9345091029045447,-42.533127359482215,-0.004285326016771549,0.0,0.0,0.09222791366906474,0.0,1.2000248688699051
dieterici,1.6666666666666667,102.65152674567649,2.2758720402060133,249.89454341417527,0.0979821582733813,0.6123884892086331,90.5288112087998,917.9339979023083,-0.5920924665589797,-2.6710185505708486,-27.434553229912922,-0.0029098154733071704,0.0,0.0,0.0979821582733813,0.0,1.2313212381984808
dieterici,1.6666666666666667,102.65152674567649,2.2758720402060133,249.89454341417527,0.10373640287769784,0.6483525179856114,95.81037376606191,917.820545027853,-0.6035549792294579,-1.2116324494035062,-11.998207195785946,-0.0013201191191103017,0.0,0.0,0.10373640287769784,0.0,1.2620991633428338
dieterici,1.6666666666666667,102.65152674567649,2.2758720402060133,249.89454341417527,0.10949064748201438,0.6843165467625899,101.09153904671457,917.7970750393929,-0.6060365255277697,0.4582055859729824,3.840754715797188,0.0004992449839233969,0.0,0.0,0.10949064748201438,0.0,1.2924448620279316
dieterici,1.6666666666666667,102.65152674567649,2.2758720402060133,249.89454341417527,0.11524489208633093,0.7202805755395683,106.37283149986779,917.8661142869215,-0.5982817251879524,2.3318943596981816,20.155182987931003,0.0025405604623608973,0.0,0.0,0.11524489208633093,0.0,1.3224346697777447
dieterici,1.6666666666666667,102.65152674567649,2.2758720402060133,249.89454341417527,0.12099913669064748,0.7562446043165467,111.6547913179556,918.0306236282962,-0.5791999444535108,4.436333484637218,37.02324882612139,0.004832446075822255,0.0,0.0,0.12099913669064748,0.0,1.3521370006124978
dieterici,1.6666666666666667,102.65152674567649,2.2758720402060133,249.89454341417527,0.12675338129496402,0.7922086330935252,116.93797702508874,918.2940271843785,-0.5472262291541073,6.845227514825025,54.52779712128886,0.0074542873112367685,0.0,0.0,0.12675338129496402,0.0,1.3816138923117824
dieterici,1.6666666666666667,102.65152674567649,2.2758720402060133,249.89454341417527,0.13250762589928056,0.8281726618705034,122.22296822015923,918.6602400286297,-0.5004217174685087,9.572645941059909,72.7566231404251,0.010420224500803018,0.0,0.0,0.13250762589928056,0.0,1.4109222438100777
dieterici,1.6666666666666667,102.65152674567649,2.2758720402060133,249.89454341417527,0.13826187050359712,0.864136690647482,127.51036848385851,919.1336988088261,-0.437059536643354,12.616418197666041,91.80321494545163,0.013726423276631679,0.0,0.0,0.13826187050359712,0.0,1.4401148217064756
dieterici,1.6666666666666667,102.65152674567649,2.2758720402060133,249.89454341417527,0.14401611510791365,0.9001007194244603,132.80080847419163,919.7193974268108,-0.3552258047890669,16.008427084529366,111.7677690010203,0.017405773031772206,0.0,0.0,0.14401611510791365,0.0,1.469241091983415
dieterici,1.6666666666666667,102.65152674567649,2.2758720402060133,249.89454341417527,0.1497703597122302,0.9360647482014388,138.0949492441155,920.422929130948,-0.25282672629385805,19.78136253872495,132.7584034211361,0.021491601211415134,0.0,0.0,0.1497703597122302,0.0,1.4983479185213144
dieterici,1.6666666666666667,102.65152674567649,2.2758720402060133,249.89454341417527,0.15552460431654674,0.9720287769784172,143.3934858214736,921.250543036323,-0.12757220748009188,23.971250333136386,154.89495936848797,0.02602033780531649,0.0,0.0,0.15552460431654674,0.0,1.5274801597707337
dieterici,1.6666666666666667,102.65152674567649,2.2758720402060133,249.89454341417527,0.16127884892086328,1.0079928057553955,148.69715117709637,922.209222190845,0.02304614948248382,28.618272241385927,178.31268835820273,0.03103229891086859,0.0,0.0,0.16127884892086328,0.0,1.556681187649097
dieterici,1.6666666666666667,102.65152674567649,2.2758720402060133,249.89454341417527,0.16703309352517984,1.043956834532374,154.00672070315886,923.3067482035551,0.20178086977962206,33.76742001381571,203.15389437511456,0.03657226602049186,0.0,0.0,0.16703309352517984,0.0,1.5859933474772734
dieterici,1.6666666666666667,102.65152674567649,2.2758720402060133,249.89454341417527,0.17278733812949637,1.0799208633093522,159.3230169250551,924.5517597684155,0.4116581383148631,39.46916799979156,229.57417002597936,0.04269005773097864,0.0,0.0,0.17278733812949637,0.0,1.6154583739699648
dieterici,1.6666666666666667,102.65152674567649,2.2758720402060133,249.89454341417527,0.1785415827338129,1.1158848920863307,164.64691465327638,925.9538392529696,0.6560113637789488,45.78021848187679,257.7459148743337,0.049441145488214426,0.0,0.0,0.1785415827338129,0.0,1.6451177755423665
dieterici,1.6666666666666667,102.65152674567649,2.2758720402060133,249.89454341417527,0.18429582733812946,1.1518489208633091,169.97934669179028,927.5236170250514,0.9385192886824074,52.76435075670236,287.8609823043009,0.0568873393498478,0.0,0.0,0.18429582733812946,0.0,1.6750131972205309
dieterici,1.6666666666666667,102.65152674567649,2.2758720402060133,249.89454341417527,0.19005007194244602,1.1878129496402876,175.32131019056155,929.2728922481806,1.2632493250629908,60.493409951681244,320.13375668086434,0.06509757301251966,0.0,0.0,0.19005007194244602,0.0,1.70518677105681
dieterici,1.6666666666666667,102.65152674567649,2.2758720402060133,249.89454341417527,0.19580431654676259,1.223776978417266,180.67387374410376,931.2147729383678,1.6347070443047504,69.04849928352519,354.8047708631523,0.07414884438060257,0.0,0.0,0.19580431654676259,0.0,1.7356814620266667
dieterici,1.6666666666666667,102.65152674567649,2.2758720402060133,249.89454341417527,0.2015585611510791,1.2597410071942443,186.03818535584244,933.363838769555,2.0578932339397484,78.52150511864536,392.14499542764037,0.0841274344013151,0.0,0.0,0.2015585611510791,0.0,1.7665414168332465
dieterici,1.6666666666666667,102.65152674567649,2.2758720402060133,249.89454341417527,0.20731280575539565,1.2957050359712228,191.41548141031151,935.7363309982528,2.5383709386083066,89.01721766506282,432.46097524058166,0.09513066311115478,0.0,0.0,0.20731280575539565,0.0,1.7978123228168215
dieterici,1.6666666666666667,102.65152674567649,2.2758720402060133,249.89454341417527,0.2130670503597122,1.3316690647482012,196.8070968232618,938.350375068992,3.0823469228206695,100.65657146002556,476.10105174587267,0.10726970877229608,0.0,0.0,0.2130670503597122,0.0,1.8295417842270236
dieterici,1.6666666666666667,102.65152674567649,2.2758720402060133,249.89454341417527,0.21882129496402875,1.3676330935251797,202.21447657570982,941.2262430720433,3.6967760050340166,113.5819151015953,523.4629921224534,0.1206744031391202,6.090900374210509e-06,1.3328187073816309e-06,0.21881996214532137,0.01080772333470062,1.8617723149110124
dieterici,1.6666666666666667,102.65152674567649,2.2758720402060133,249.89454341417527,0.22457553956834528,1.403597122302158,207.63918888453864,944.386665398546,4.389503167063256,127.96545545800139,575.0034596283962,0.13550112485334379,2.1800988285440597e-05,4.895968707325997e-06,0.22457064359963796,0.020714104456177038,1.8945514798168694
dieterici,1.6666666666666667,102.65152674567649,2.2758720402060133,249.89454341417527,0.23032978417266184,1.4395611510791364,213.08294032322598,947.8572038546347,5.169465068250244,144.0219986522959,631.249904535238,0.15194482678045185,4.969287694509171e-05,1.1445749621681617e-05,0.23031833842304017,0.031671278540236804,1.9279306943435508
dieterici,1.6666666666666667,102.65152674567649,2.2758720402060133,249.89454341417527,0.23608402877697837,1.4755251798561149,218.54759328642484,951.666702275092,6.0469787843589735,162.02638658854738,692.8156096765422,0.17025539109564378,9.187827577271802e-05,2.1690993501505515e-05,0.23606233778347688,0.04359914031760943,1.9619651462670515
dieterici,1.6666666666666667,102.65152674567649,2.2758720402060133,249.89454341417527,0.24183827338129493,1.5114892086330933,224.03518629657432,955.8478351975584,7.0341439898183555,182.33365193437933,760.4187277488135,0.19075593961741188,0.0001508985091904833,3.6493034918437944e-05,0.2418017803463765,0.0565503868846136,1.9967131723365572
dieterici,1.6666666666666667,102.65152674567649,2.2758720402060133,249.89454341417527,0.2475925179856115,1.5474532374100718,229.54795778289127,960.4377796040828,8.145363650016446,205.3962627417064,834.906018466047,0.21385691723453032,0.0002302129723920648,5.699900950750339e-05,0.24753551897610399,0.07067302755093641,2.032236041121446
dieterici,1.6666666666666667,102.65152674567649,2.2758720402060133,249.89454341417527,0.253346762589928,1.58341726618705,235.0883741187114,965.4790365451055,9.397944663074846,231.76970811048454,917.2812059842347,0.2400566965595184,0.00033436322967157333,8.470984176640566e-05,0.2532620527481616,0.08615346079477834,2.068598116082008
dieterici,1.6666666666666667,102.65152674567649,2.2758720402060133,249.89454341417527,0.25910100719424456,1.6193812949640285,240.65916285613207,971.0204224793738,10.812682834693993,262.097261550858,1008.7356095387116,0.26991941207747916,0.00046822525396594117,0.0001213176348963563,0.2589796895593482,0.10309769172764409,2.1058683158733067
dieterici,1.6666666666666667,102.65152674567649,2.2758720402060133,249.89454341417527,0.2648552517985611,1.655345323741007,246.26335217217766,977.1182216054519,12.414288169245188,297.0682561068708,1110.6734685890722,0.3040248861788428,0.0006387441500531792,0.0001691747426971927,0.26468607705586394,0.12173911672686055,2.1441180804410878
dieterici,1.6666666666666667,102.65152674567649,2.2758720402060133,249.89454341417527,0.2706094964028777,1.6913093525179854,251.9043173650372,983.8374179125509,14.231489654327376,337.35049144042995,1224.7143256866673,0.34289251994115105,0.0008538094078734684,0.00023104893388867847,0.270378447468989,0.14225993104527715,2.1834232713247155
dieterici,1.6666666666666667,102.65152674567649,2.2758720402060133,249.89454341417527,0.27636374100719424,1.7272733812949639,257.58583447927373,991.2527673740567,16.296682659514456,383.5037307699637,1352.635082066489,0.3868879294893768,0.001124005888915236,0.00031063447237473146,0.2760531065348195,0.16493567173683193,2.2238617711766127
dieterici,1.6666666666666667,102.65152674567649,2.2758720402060133,249.89454341417527,0.28211798561151075,1.7632374100719421,263.3121391413892,999.44921705378,18.645038201364024,435.88525430031444,1496.2009488435256,0.4361254647687213,0.001462279417572334,0.00041253532368668006,0.28170545028782407,0.19005009715348437,2.2655138799780197
dieterici,1.6666666666666667,102.65152674567649,2.2758720402060133,249.89454341417527,0.2878722302158273,1.7992014388489206,269.0879850083139,1008.5209185453834,21.313063404831905,494.5593800845324,1656.8459288658946,0.49038088451139766,0.0018849926358538167,0.000542637034023649,0.2873295931818037,0.21793431491520016,2.308460239556411
dieterici,1.6666666666666667,102.65152674567649,2.2758720402060133,249.89454341417527,0.29362647482014387,1.835165467625899,274.9186912491495,1018.5678209033533,24.33666949009515,559.2214695562893,1835.1510399224017,0.5490272302735068,0.002412911966124585,0.0007084948346645043,0.29291797998547936,0.2489742551616313,2.3527791652453516
dieterici,1.6666666666666667,102.65152674567649,2.2758720402060133,249.89454341417527,0.29938071942446043,1.8711294964028777,280.8101617834411,1029.688892515836,27.748857652456415,629.144453421172,2030.194414504505,0.6110044091900274,0.0030719290571723425,0.0009196763311571603,0.2984610430933033,0.2835932110481953,2.398543518651238
dieterici,1.6666666666666667,102.65152674567649,2.2758720402060133,249.89454341417527,0.30513496402877693,1.9070935251798558,286.76885475691734,1041.971751550286,31.577171642964057,703.1533679255871,2238.9529294356394,0.6748295881144649,0.0038953741439331285,0.001188614849287663,0.30394634917948926,0.32230124816177486,2.445813337843814
dieterici,1.6666666666666667,102.65152674567649,2.2758720402060133,249.89454341417527,0.3108892086330935,1.9430575539568342,292.8016824418581,1055.479704212544,35.84109059924203,779.6313239821928,2455.999611208909,0.7386511752623875,0.004924153831429575,0.0015308662878407559,0.3093583423452527,0.3656253864428215,2.4946304563124992
dieterici,1.6666666666666667,102.65152674567649,2.2758720402060133,249.89454341417527,0.31664345323741006,1.979021582733813,298.9158315427787,1070.2384023432783,40.54955032172548,856.5588643202657,2673.6739239282715,0.8003439817192478,0.006209462729506985,0.0019661857214200856,0.31467726751598996,0.41415214253202515,2.5450057495543708
dieterici,1.6666666666666667,102.65152674567649,2.2758720402060133,249.89454341417527,0.3223976978417266,2.014985611510791,305.11850954589045,1086.224831609936,45.69878904583085,931.5876266806046,2882.7215253233257,0.8576379397438948,0.007814056034653322,0.002519233676378482,0.31987846416534815,0.4684936026937263,2.596905534813808
dieterici,1.6666666666666667,102.65152674567649,2.2758720402060133,249.89454341417527,0.3281519424460431,2.0509496402877696,311.4166382955109,1103.360823271324,51.2707164702753,1002.148228298002,3073.226766667478,0.9082688157503729,0.009812054091678235,0.003219844609569858,0.32493209783647325,0.5292204889419945,2.650237357537757
dieterici,1.6666666666666667,102.65152674567649,2.2758720402060133,249.89454341417527,0.3339061870503597,2.086913669064748,317.816525673737,1121.5120873988467,57.23200111664915,1065.5906757672076,3235.5992828583494,0.9501374864703072,0.012288480252334803,0.004103199585700756,0.3298029874646589,0.596818596553999,2.7048329216070672
dieterici,1.6666666666666667,102.65152674567649,2.2758720402060133,249.89454341417527,0.33966043165467624,2.1228776978417265,324.3235480506921,1140.4925421945,63.53405526316229,1119.3525774569337,3361.428164118681,0.9814641797684276,0.015333371625251294,0.005208139624954419,0.3344522920297218,0.6715518406997916,2.760441964333346
dieterici,1.6666666666666667,102.65152674567649,2.2758720402060133,249.89454341417527,0.34541467625899275,2.1588417266187045,330.94187178810887,1160.0729241384254,70.11405817496788,1161.1454589211198,3444.115670162333,1.0009245408287508,0.0190369882581512,0.006575655136135543,0.3388390211228572,0.7534317422920267,2.8167257650864244
dieterici,1.6666666666666667,102.65152674567649,2.2758720402060133,249.89454341417527,0.3511689208633093,2.194805755395683,337.6742347793666,1179.992392489302,76.89708524680928,1189.1426080699873,3479.2842617555953,1.0077544699770329,0.023475116327073286,0.00824373126771898,0.3429251895955903,0.8420504806188965,2.873283790454381
dieterici,1.6666666666666667,102.65152674567649,2.2758720402060133,249.89454341417527,0.35692316546762587,2.2307697841726615,344.5218015033412,1199.971926013744,83.79929304746717,1202.1448675173754,3464.992493337035,1.0018108269506352,0.028699401345654706,0.01024348117531692,0.34667968429230894,0.9366110338969356,2.929682492211117
dieterici,1.6666666666666667,102.65152674567649,2.2758720402060133,249.89454341417527,0.3626774100719424,2.26673381294964,351.4840987405584,1219.7285356799898,90.73195648184662,1199.6977456349314,3401.8027247270143,0.9835776654730051,0.03472205142903453,0.012592903684667029,0.35008450638727534,1.0358927823322461,2.9855183256093527
dieterici,1.6666666666666667,102.65152674567649,2.2758720402060133,249.89454341417527,0.36843165467625894,2.3026978417266184,358.55903419367615,1238.989528363646,97.6060016067282,1182.137995957046,3292.7311396184928,0.9541145981421774,0.041515509097195924,0.015295627711407175,0.35313602696485175,1.138456679585567,3.0404540435675185
dieterici,1.6666666666666667,102.65152674567649,2.2758720402060133,249.89454341417527,0.3741858992805755,2.338661870503597,365.74299635734087,1257.5061731370201,104.33657885143347,1150.560720379723,3143.090083373555,0.9149543318021993,0.04901365496481705,0.01834021856003791,0.35584568072053757,1.2427833700243969,3.0942565876704013
dieterici,1.6666666666666667,102.65152674567649,2.2758720402060133,249.89454341417527,0.37994014388489206,2.3746258992805753,373.0310304170131,1275.0661189788686,110.8472172410954,1106.7144676901523,2960.211757036824,0.8679663361900479,0.0571236187677831,0.02170355593385723,0.3582365879510348,1.3474656507158695,3.146798338401464
dieterici,1.6666666666666667,102.65152674567649,2.2758720402060133,249.89454341417527,0.3856943884892086,2.410589928057554,380.4170810279029,1291.50380530974,117.07319035988374,1052.844664382511,2753.026890670571,0.8152083331492842,0.0657394992624285,0.02535535596760914,0.3603390325215995,1.4513302243834878,3.198039473557856
dieterici,1.6666666666666667,102.65152674567649,2.2758720402060133,249.89454341417527,0.3914486330935252,2.4465539568345323,387.89428802332884,1306.7079482224256,122.96386869950848,991.5105817782228,2531.469670795591,0.7587851463879285,0.07475242426566292,0.029261734299221014,0.36218689879430416,1.553465848207271,3.248008778514217
dieterici,1.6666666666666667,102.65152674567649,2.2758720402060133,249.89454341417527,0.3972028776978416,2.4825179856115103,395.45531534885566,1320.6250819866495,128.48397919052385,925.398510168255,2305.7017465557374,0.7007276499520627,0.08406056190553374,0.03338909708977556,0.3638137806080661,1.6532349625598708,3.2967725657812004
dieterici,1.6666666666666667,102.65152674567649,2.2758720402060133,249.89454341417527,0.4029571223021582,2.5184820143884887,403.0926875280223,1333.2582517514413,133.6138074674649,857.147661072528,2085.2029276487347,0.6428969480942883,0.0935742357964462,0.037706404778159563,0.3652507175239986,1.750237128349974,3.3444124961879007
dieterici,1.6666666666666667,102.65152674567649,2.2758720402060133,249.89454341417527,0.40871136690647475,2.554446043165467,410.7991035514582,1344.6604662818834,138.34845379818216,789.1991967254359,1877.8592341122007,0.5869133632727733,0.10321664648523024,0.042185816672480836,0.3665255502339939,1.844248948349068,3.3910156038754047
dieterici,1.6666666666666667,102.65152674567649,2.2758720402060133,249.89454341417527,0.4144656115107913,2.5904100719424457,418.5676979935029,1354.9234860472227,142.69629790644152,723.674448998058,1689.2535569014094,0.5341072440254652,0.11292502251221004,0.04680353851039301,0.3676620730003983,1.9351873811984277,3.43666124777851
dieterici,1.6666666666666667,102.65152674567649,2.2758720402060133,249.89454341417527,0.42021985611510787,2.626374100719424,426.3922258691562,1364.1637064222273,146.67685338503983,662.2859102602313,1522.3653471934585,0.4854885869945911,0.12264758057981023,0.05153894866411395,0.3686809074509939,2.023053741173183,3.481424501550949
dieterici,1.6666666666666667,102.65152674567649,2.2758720402060133,249.89454341417527,0.42597410071942443,2.6623381294964026,434.2671612876721,1372.5077484936826,150.31820815770115,606.2832521878905,1377.7692995666368,0.44173393764318053,0.13234417810665355,0.05637519225443308,0.3695989084649913,2.1079205720748284,3.525365956356501
dieterici,1.6666666666666667,102.65152674567649,2.2758720402060133,249.89454341417527,0.431728345323741,2.698302158273381,442.1877164814611,1380.0803398842709,153.65425765021917,556.4356452212438,1254.2326090445135,0.4031907629869611,0.14198200465356503,0.06129765593483132,0.37043068938890966,2.1898882576809005,3.5685425675923943
dieterici,1.6666666666666667,102.65152674567649,2.2758720402060133,249.89454341417527,0.43748258992805755,2.7342661870503595,450.14980098627694,1386.9960839794699,156.72194177602864,513.0503562059307,1149.4692043975072,0.3699003639101297,0.15153568334191644,0.06629422321493961,0.37118836671311795,2.2690817558830503,3.61100201124948
dieterici,1.6666666666666667,102.65152674567649,2.2758720402060133,249.89454341417527,0.44323683453237406,2.770230215827338,458.14994594635516,1393.3553232903673,159.55869213810047,476.0255436405539,1060.8085116802206,0.34163973516563867,0.16098624287481128,0.07135503269509132,0.37188180183728275,2.3456410439167534,3.6527824196161713
dieterici,1.6666666666666667,102.65152674567649,2.2758720402060133,249.89454341417527,0.44899107913669056,2.806194244604316,466.1852156881555,1399.2432295293945,162.20027660804962,444.93214157755676,985.648197725971,0.3179805570524005,0.17031860272292088,0.07647153323361752,0.372519545903073,2.4197042195607796,3.6939193479207755
dieterici,1.6666666666666667,102.65152674567649,2.2758720402060133,249.89454341417527,0.4547453237410071,2.8421582733812945,474.2531215536471,1404.7308602818218,164.67918888801978,419.11589674423146,921.6849553755237,0.2983602828090123,0.17952160511931878,0.08163661043848985,0.37310871330251727,2.491409384519983,3.7344428371293263
dieterici,1.6666666666666667,102.65152674567649,2.2758720402060133,249.89454341417527,0.4604995683453237,2.878122302158273,482.35154563474276,1409.8770848357517,167.0236673828972,397.8067671063166,866.9858112684101,0.28215705566465066,0.18858759986001006,0.08684450833081525,0.37365506001450843,2.560893473468226,3.774376805365907
dieterici,1.6666666666666667,102.65152674567649,2.2758720402060133,249.89454341417527,0.46625381294964025,2.9140863309352514,490.47867676997845,1414.7306685179703,169.25734377438405,380.2204712672421,819.9719098468088,0.2687582023407676,0.19751076973891812,0.092090149489389,0.37416366346025126,2.628283812117523,3.8137443923659125
dieterici,1.6666666666666667,102.65152674567649,2.2758720402060133,249.89454341417527,0.4720080575539568,2.95005035971223,498.63295826650415,1419.3321624051362,171.39943057337766,365.63779277805077,779.3670837396473,0.25761256065560967,0.20628746773804352,0.09736934694475845,0.37463871060919834,2.693702335398989,3.8525650233113007
dieterici,1.6666666666666667,102.65152674567649,2.2758720402060133,249.89454341417527,0.4777623021582733,2.9860143884892083,506.8130456444838,1423.7154792438098,173.46528236683866,353.4523297161289,744.1402191600387,0.24826050911791803,0.21491428589951578,0.102677943998054,0.37508435816021934,2.7572563421581777,3.8908617077000485
dieterici,1.6666666666666667,102.65152674567649,2.2758720402060133,249.89454341417527,0.48351654676258987,3.0219784172661868,515.0177724955454,1427.9091557729837,175.46713289568194,343.1856976314745,713.4538935528275,0.24034140844603977,0.22339069309328596,0.10801309650336717,0.3755034502592227,2.81905544703075,3.9286484119983203
dieterici,1.6666666666666667,102.65152674567649,2.2758720402060133,249.89454341417527,0.48927079136690643,3.0579424460431652,523.2461227546056,1431.9373475764187,177.41483126458772,334.47743611297295,686.6227734742332,0.233583848259201,0.23171664546732967,0.11337218650068528,0.3758986048662212,2.87919921979289,3.965939757286231
dieterici,1.6666666666666667,102.65152674567649,2.2758720402060133,249.89454341417527,0.495025035971223,3.0939064748201437,531.4972080075673,1435.8206113685826,179.31646285971937,327.06133561148147,663.0813351195877,0.2277870459734772,0.23989248254163026,0.11875278479939651,0.3762722511718265,2.937778289785618,4.0027508925237925
dieterici,1.6666666666666667,102.65152674567649,2.2758720402060133,249.89454341417527,0.5007792805755394,3.1298705035971213,539.7702487660738,1439.576523535757,181.17881311603355,320.7391815827407,642.3592310891573,0.22280106429838845,0.2479193568501811,0.12415287716418413,0.37662640341135534,2.9948779929026963,4.039095044254301
dieterici,1.6666666666666667,102.65152674567649,2.2758720402060133,249.89454341417527,0.5065335251798561,3.1658345323741,548.0645588936801,1443.2201737422104,183.00768626975014,315.3587326085543,624.0625000020538,0.2185104797910648,0.2557983685556171,0.12957044935973278,0.3769630758201233,3.050574906626714,4.074987006930292
dieterici,1.6666666666666667,102.65152674567649,2.2758720402060133,249.89454341417527,0.5122877697841726,3.2017985611510786,556.3795325612676,1446.7645629520923,184.80811568710732,310.7981684558837,607.8591347588685,0.2148229065147315,0.2635315696108769,0.13500400006367858,0.377283769720494,3.1049430901174446,4.110438222044479
dieterici,1.6666666666666667,102.65152674567649,2.2758720402060133,249.89454341417527,0.5180420143884892,3.237762589928057,564.7146332538471,1450.2209276657834,186.58450363748761,306.95630198706743,593.4678686494675,0.21166175175883845,0.27112172180618627,0.1404524429089523,0.37758957147953687,3.1580534794531645,4.1454575291809945
dieterici,1.6666666666666667,102.65152674567649,2.2758720402060133,249.89454341417527,0.5237962589928057,3.2737266187050356,573.0693844574432,1453.5990064879386,188.3407189760474,303.7468103600283,580.6493454922914,0.20896190008681645,0.27857067336404107,0.14591427657319153,0.3778819824196141,3.2099665039618666,4.180058422403253
dieterici,1.6666666666666667,102.65152674567649,2.2758720402060133,249.89454341417527,0.5295505035971223,3.3096906474820145,581.4433617336933,1456.9072610500039,190.08017052667273,301.09486761898273,569.1990845114083,0.20666714736666317,0.2858809757728107,0.15138841468932862,0.3781620889077937,3.2607409665610962,4.214251428959487
dieterici,1.6666666666666667,102.65152674567649,2.2758720402060133,249.89454341417527,0.5353047482014388,3.3456546762589925,589.8361859492164,1460.153060371197,191.8058660108153,298.93507253297355,558.9418077767637,0.20472858678047007,0.2930551273605443,0.15687380116087674,0.37843094704056207,3.3104308002706864,4.248047435402741
dieterici,1.6666666666666667,102.65152674567649,2.2758720402060133,249.89454341417527,0.5410589928057553,3.3816187050359705,598.2475174719277,1463.342835592142,193.52046158300038,297.21003801087835,549.7268152311011,0.20310349070770709,0.30009623115968576,0.1623697645760627,0.37868922822969264,3.3590887320245066,4.281454472017488
dieterici,1.6666666666666667,102.65152674567649,2.2758720402060133,249.89454341417527,0.5468132374100719,3.4175827338129494,606.6770511811592,1466.4822104876516,195.22630452596093,295.86932064159896,541.4241911598284,0.20175445602112901,0.3070072042287412,0.16787560325253312,0.3789376341575388,3.4067628742266236,4.314481294582718
dieterici,1.6666666666666667,102.65152674567649,2.2758720402060133,249.89454341417527,0.5525674820143884,3.4535467625899274,615.1245121659773,1469.576112017946,196.92547046676984,294.8685408516802,533.921659782653,0.200648703010545,0.31379014594041366,0.17339023082322186,0.3791772511911666,3.4534942561631192,4.3471403308964796
dieterici,1.6666666666666667,102.65152674567649,2.2758720402060133,249.89454341417527,0.5583217266187049,3.489510791366906,623.5896520075826,1472.6288643184184,198.61979594631785,294.1686278202012,527.1219733631357,0.19975747790082346,0.3204488394424498,0.1789135493304687,0.3794081772882362,3.499328840227481,4.3794357435099585
dieterici,1.6666666666666667,102.65152674567649,2.2758720402060133,249.89454341417527,0.5640759712230216,3.525474820143885,632.0722455593075,1475.6442688661664,200.31090694555704,293.7351599411994,520.9407195178354,0.199055535360765,0.32698505392126065,0.18444441186604718,0.37963155935697435,3.54430063785727,4.411380951474698
dieterici,1.6666666666666667,102.65152674567649,2.2758720402060133,249.89454341417527,0.5698302158273381,3.561438848920863,640.5720881516102,1478.6256730477537,202.00024386469727,293.5377860670134,515.3044826192664,0.1985206881076069,0.3334026060644726,0.18998287897111538,0.3798473368562227,3.5884506965633456,4.442979212468324
dieterici,1.6666666666666667,102.65152674567649,2.2758720402060133,249.89454341417527,0.5755844604316546,3.597402877697841,649.0889931611853,1481.5760289717,203.6890833888353,293.5497180776739,510.1492917119147,0.1981334149158815,0.33970333752518517,0.19552796223626595,0.3800564981953886,3.6318089634849544,4.474242855042999
dieterici,1.6666666666666667,102.65152674567649,2.2758720402060133,249.89454341417527,0.5813387050359712,3.6333669064748197,657.6227898928005,1484.497944037255,205.37855762739147,293.74728707668896,505.4193072881405,0.19787651997537364,0.34589054876605424,0.20107956370383942,0.3802591413321318,3.6744100663132073,4.505176753817759
dieterici,1.6666666666666667,102.65152674567649,2.2758720402060133,249.89454341417527,0.5870929496402877,3.6693309352517978,666.1733217303761,1487.3937245035845,207.06967087222262,294.1095560318384,501.0657017632345,0.1977348372435799,0.35196703776259564,0.20663736637619678,0.3804555832640909,3.7162846127318536,4.535787735972239
dieterici,1.6666666666666667,102.65152674567649,2.2758720402060133,249.89454341417527,0.5928471942446043,3.7052949640287767,674.7404445202386,1490.2654131138067,208.76331427913976,294.6179823265637,497.0457125718752,0.1976949741529462,0.3579347308108516,0.21220060088391107,0.38064659336069323,3.757457841166272,4.566086426869158
dieterici,1.6666666666666667,102.65152674567649,2.2758720402060133,249.89454341417527,0.5986014388489208,3.741258992805755,683.3240251551955,1493.1148216561871,210.46027874249714,295.25612405401966,493.3218294137232,0.19774508950793,0.3637969290608384,0.21776936518463663,0.3808320736642842,3.7979596030137692,4.59607626084713
dieterici,1.6666666666666667,102.65152674567649,2.2758720402060133,249.89454341417527,0.6043556834532374,3.777223021582734,691.923940332519,1495.943559186818,212.1612661965983,296.0093843575835,489.8610990611266,0.19787470091351014,0.3695560594186442,0.22334330486423995,0.3810123785889975,3.8378146234853516,4.625764454771771
dieterici,1.6666666666666667,102.65152674567649,2.2758720402060133,249.89454341417527,0.6101099280575538,3.813187050359711,700.540075462821,1498.753056545497,213.8668995480305,296.86478894725633,486.63453220614224,0.19807451778047103,0.37521383842846523,0.22892168796978954,0.3811882400877643,3.8770434507983613,4.655161276750615
dieterici,1.6666666666666667,102.65152674567649,2.2758720402060133,249.89454341417527,0.6158641726618704,3.84915107913669,709.1723237101786,1501.5445876891363,215.5777314166209,297.8107923329827,483.6165904380191,0.19833629635421673,0.3807734134900448,0.23450470327068274,0.3813594693911877,3.915671704913371,4.6842694368899425
dieterici,1.6666666666666667,102.65152674567649,2.2758720402060133,249.89454341417527,0.6216184172661869,3.885115107913668,717.820585146523,1504.3192882812675,217.2942518378091,298.837108875676,480.78474559479577,0.1986527136915906,0.3862370018333454,0.2400920337692815,0.38152638349690543,3.953720045539119,4.713095760892238
dieterici,1.6666666666666667,102.65152674567649,2.2758720402060133,249.89454341417527,0.6273726618705036,3.921079136690647,726.4847660057022,1507.078171919702,219.01689505925575,299.93456535040116,478.11909953023115,0.19901725798891196,0.39160704023162984,0.245683551237347,0.3816891106331566,3.991209179376972,4.741645504393959
dieterici,1.6666666666666667,102.65152674567649,2.2758720402060133,249.89454341417527,0.6331269064748201,3.9570431654676255,735.1647780246274,1509.8221443320306,220.74604554644026,301.0949721347661,475.6020579854753,0.199424133011359,0.39688526927566514,0.2512787427619278,0.38184816371289226,4.0281561018501755,4.769926953567289
dieterici,1.6666666666666667,102.65152674567649,2.2758720402060133,249.89454341417527,0.6388811510791367,3.9930071942446044,743.8605378607027,1512.5520158026738,222.4820432968424,302.3110104950948,473.2180420881072,0.199868174672106,0.40207432300481283,0.2568777063006794,0.38200344477845727,4.064580802410553,4.797943442203064
dieterici,1.6666666666666667,102.65152674567649,2.2758720402060133,249.89454341417527,0.6446353956834533,4.028971223021583,752.5719665759889,1515.2685120681124,224.22518854837406,303.5761337854462,470.95324440397377,0.20034477808234177,0.4071761916188915,0.26248018539712575,0.38215521028632754,4.1004999071923365,4.825701085664341
dieterici,1.6666666666666667,102.65152674567649,2.2758720402060133,249.89454341417527,0.6503896402877698,4.064935251798561,761.2989891800202,1517.9722838982236,225.97574595651076,304.8844808032442,468.7954162918579,0.20084983371388482,0.41219279488549976,0.26808592359479066,0.38230371669297913,4.13592914459774,4.853205920894103
dieterici,1.6666666666666667,102.65152674567649,2.2758720402060133,249.89454341417527,0.6561438848920864,4.10089928057554,770.0415342242358,1520.663915505602,227.7339483055779,306.23079966841254,466.7336730849278,0.2013796714355483,0.41712637608241465,0.27369492089367303,0.3824489639984134,4.170884997005043,4.880461897745577
dieterici,1.6666666666666667,102.65152674567649,2.2758720402060133,249.89454341417527,0.6618981294964028,4.136863309352518,778.799533441574,1523.343931963469,229.49999980984575,307.610380789558,464.7583444324549,0.20193101133312208,0.42197886101817617,0.27930701879495334,0.38259111070144947,4.205382118630611,4.9074741512163245
dieterici,1.6666666666666667,102.65152674567649,2.2758720402060133,249.89454341417527,0.6676523741007195,4.172827338129497,787.5729214262741,1526.0128057486352,231.27407905335807,309.01899780731986,462.86081974559147,0.20250092046620838,0.4267519623904974,0.28492196084215654,0.382730413258563,4.23943382492821,4.93424849946977
dieterici,1.6666666666666667,102.65152674567649,2.2758720402060133,249.89454341417527,0.6734066187050359,4.208791366906475,796.3616353487681,1528.6709625046544,233.0563416113739,310.4528555192498,461.0334318163118,0.2030867748090064,0.43144752477448567,0.2905396188070436,0.38286699989799233,4.2730535269652075,4.960789680880636
dieterici,1.6666666666666667,102.65152674567649,2.2758720402060133,249.89454341417527,0.6791608633093525,4.244755395683454,805.1656147018095,1531.318786148456,234.84692239089065,311.9069071472694,459.2693449651861,0.20368515685213512,0.4360678966437877,0.29616024914608835,0.3830006141632642,4.306256232214036,4.9870994085389135
dieterici,1.6666666666666667,102.65152674567649,2.2758720402060133,249.89454341417527,0.684915107913669,4.280719424460432,813.9848010741348,1533.956623389657,236.6459188863764,313.37912825268126,457.5624627085318,0.2042946478891903,0.44061380561242375,0.3017830522192856,0.38313205569438347,4.339050096005739,5.0131874365441345
dieterici,1.6666666666666667,102.65152674567649,2.2758720402060133,249.89454341417527,0.6906693525179856,4.31668345323741,822.8191379486005,1536.5847877291958,238.45344270659746,314.87097911152085,455.9073392467982,0.20491611112254027,0.44508785545334895,0.30740854093958325,0.3832608115784023,4.371450406328129,5.039053371791384
dieterici,1.6666666666666667,102.65152674567649,2.2758720402060133,249.89454341417527,0.6964235971223022,4.352647482014389,831.6685705218661,1539.2035630013988,240.26960815159308,316.3786998793001,454.2991091334525,0.2055470163169136,0.44949131848252954,0.3130363608928496,0.3833872362294526,4.403466823869205,5.064703394182325
dieterici,1.6666666666666667,102.65152674567649,2.2758720402060133,249.89454341417527,0.7021778417266187,4.388611510791367,840.5330455432918,1541.8132065298262,242.09448355999976,317.8971640628512,452.7334235015681,0.2061839674978173,0.45382584382659796,0.31866645153792206,0.3835113901886966,4.435110209362914,5.090141360413748
dieterici,1.6666666666666667,102.65152674567649,2.2758720402060133,249.89454341417527,0.7079320863309353,4.4245755395683455,849.4125111709426,1544.4139519325097,243.92812423366547,319.424233885926,451.20639189398133,0.20682552983041474,0.458092611879539,0.3242984584606694,0.3836336278702659,4.466389308689973,5.115373262338235
dieterici,1.6666666666666667,102.65152674567649,2.2758720402060133,249.89454341417527,0.7136863309352518,4.4605395683453235,858.3069168427695,1547.0060116019401,245.77057390865184,320.9580131218187,449.7145274169956,0.20747043690506636,0.4622939802443431,0.329932894574039,0.3837534363612128,4.497317213665008,5.140398505768306
dieterici,1.6666666666666667,102.65152674567649,2.2758720402060133,249.89454341417527,0.7194405755395684,4.496503597122302,867.2162131611541,1549.5895789277945,247.62186606410225,322.49682055625345,448.25471216531565,0.20811757186660887,0.4664311616979408,0.335569503421556,0.3838710721180124,4.527902285012239,5.165222223237559
dieterici,1.6666666666666667,102.65152674567649,2.2758720402060133,249.89454341417527,0.7251948201438849,4.53246762589928,876.1403517896704,1552.164830275138,249.48202508784198,324.0391664739986,446.82414680837365,0.20876595072480747,0.4705051119645737,0.34120787004792746,0.38398695009595746,4.558151679042155,5.1898506273815554
dieterici,1.6666666666666667,102.65152674567649,2.2758720402060133,249.89454341417527,0.7309490647482015,4.568431654676259,885.0792853603954,1554.7319267470295,251.35106731464273,325.5837318674496,445.42032606847,0.20941470762015513,0.4745173243673766,0.3468479944531529,0.38410107029504864,4.588074440208054,5.214286757848033
dieterici,1.6666666666666667,102.65152674567649,2.2758720402060133,249.89454341417527,0.736703309352518,4.604395683453237,894.032967390956,1557.2910157556996,253.22900195254502,327.11583834177395,444.0409966985231,0.21005440539515083,0.478469245573271,0.35248987663723136,0.3842134327152867,4.617679233242372,5.238533594645588
dieterici,1.6666666666666667,102.65152674567649,2.2758720402060133,249.89454341417527,0.7424575539568344,4.640359712230215,903.0013522099208,1559.8426862671622,255.11567641017194,328.6565212503716,442.8418826158187,0.21069850449911393,0.4823622774009566,0.3581335166001623,0.38432403735667214,4.64697436465604,5.262594058596214
dieterici,1.6666666666666667,102.65152674567649,2.2758720402060133,249.89454341417527,0.748211798561151,4.676323741007194,911.9844001130267,1562.386572229219,257.0113419807018,330.2109520685304,441.33532464561443,0.21135035204340255,0.48619833314150185,0.3637793292972368,0.3844324692639143,4.675969922597979,5.286467987052807
dieterici,1.6666666666666667,102.65152674567649,2.2758720402060133,249.89454341417527,0.7539660431654676,4.712287769784172,920.9820612161341,1564.922314603065,258.9159055886251,331.75628759286883,440.01141961471603,0.21199537158943077,0.4899774465155301,0.36942635658963374,0.3845396865758338,4.704668645627301,5.310165176912394
dieterici,1.6666666666666667,102.65152674567649,2.2758720402060133,249.89454341417527,0.7597202877697842,4.748251798561151,929.9942916829852,1567.4504927639662,260.8293556363605,333.29926055185183,438.7062348293079,0.21263782307033385,0.49370145759000994,0.37507501343264427,0.3846452743371399,4.7330800422813235,5.33368532780357
dieterici,1.6666666666666667,102.65152674567649,2.2758720402060133,249.89454341417527,0.7654745323741007,4.784215827338129,939.0210482971748,1569.9712100952645,262.7516765319315,334.83952578894304,437.4182626963379,0.21327749428515014,0.49737177652885944,0.3807254280545044,0.3847491043195963,4.761211826654403,5.357030196203886
dieterici,1.6666666666666667,102.65152674567649,2.2758720402060133,249.89454341417527,0.7712287769784173,4.820179856115108,948.0622884122313,1572.4845617675178,264.6828527055264,336.37783980682406,436.14615629552344,0.21391487585018049,0.5009887345713777,0.38637692904344856,0.38485184793496874,4.789067493769259,5.380207237846396
dieterici,1.6666666666666667,102.65152674567649,2.2758720402060133,249.89454341417527,0.7769830215827338,4.856143884892086,957.1179699070185,1574.9906355978328,266.62287727137164,337.9172490970896,434.88870671156786,0.21455190999838766,0.5045541774051236,0.3920300293124237,0.3849529922703101,4.816656162105978,5.403215311952246
dieterici,1.6666666666666667,102.65152674567649,2.2758720402060133,249.89454341417527,0.7827372661870504,4.892107913669065,966.1880511457072,1577.4895128204682,268.57176972017123,339.46513771875254,433.644834862496,0.2151932770138083,0.5080693185081544,0.39768478940259055,0.38505247678445986,4.843984429781369,5.426056503177456
dieterici,1.6666666666666667,102.65152674567649,2.2758720402060133,249.89454341417527,0.7884915107913669,4.928071942446043,975.2724909420448,1579.9812687894887,270.52960814551506,341.0353489640445,432.4135760490372,0.21584771648927875,0.5115348571242089,0.4033408923163135,0.38515061847505344,4.87105685283589,5.448735530925259
dieterici,1.6666666666666667,102.65152674567649,2.2758720402060133,249.89454341417527,0.7942457553956834,4.964035971223021,984.3712485274133,1582.4659735787804,272.49657135348633,342.6427294699604,431.1940597623332,0.21652454788336875,0.5149513488989852,0.40899792309830063,0.3852478322973828,4.897877361294524,5.471257724128639
dieterici,1.6666666666666667,102.65152674567649,2.2758720402060133,249.89454341417527,0.8,5.0,993.4842835220053,1584.947169670576,274.4729083000367,344.2717423506494,431.19405976232486,0.21721338662802542,0.5183205690033256,0.4146564552026605,0.38534354479733957,4.924454367012258,5.493621352346618
clausius,4.74,472.4462966410264,1.7259869725268282,249.81685380942588,0.00016,0.001,0.14942952867034945,939.3037764283955,0.0010603670625401913,-0.20602733909592663,-441.1762914379206,-0.0002193404777731482,0.2761647878671949,4.418636605875119e-05,0.00011581363394124882,0.06222584099381587,0.12505782537792892
clausius,4.74,472.4462966410264,1.7259869725268282,249.81685380942588,0.005914244604316546,0.036964028776978415,5.547109248897455,936.7651401338364,-0.007092746364358828,-2.6277463314855996,-441.1762914379298,-0.0028051282214773396,0.0,0.0,0.005914244604316546,0.0,0.4455694803955362
clausius,4.74,472.4462966410264,1.7259869725268282,249.81685380942588,0.011668489208633092,0.07292805755395683,10.930181034924273,934.2927736002086,-0.02918102323638703,-4.832521569072628,-418.1429428445337,-0.005172384616067364,0.0,0.0,0.011668489208633092,0.0,0.5607214256784305
clausius,4.74,472.4462966410264,1.7259869725268282,249.81685380942588,0.01742273381294964,0.10889208633093525,16.29940755157934,931.9677818590075,-0.06270776869251783,-6.652810366129726,-389.9533064727955,-0.0071384553153321295,0.0,0.0,0.01742273381294964,0.0,0.6430664445924886
clausius,4.74,472.4462966410264,1.7259869725268282,249.81685380942588,0.023176978417266184,0.14485611510791366,21.65572219524238,929.8119795273831,-0.10574481954207336,-8.141202462358578,-359.337862000444,-0.008755751314902067,0.0,0.0,0.023176978417266184,0.0,0.7096747272535531
clausius,4.74,472.4462966410264,1.7259869725268282,249.81685380942588,0.02893122302158273,0.18082014388489207,27.000138684028,927.834740472833,-0.15640070937586867,-9.293999425516628,-327.89015505889665,-0.010016869405838718,0.0,0.0,0.02893122302158273,0.0,0.7667753561455392
clausius,4.74,472.4462966410264,1.7259869725268282,249.81685380942588,0.03468546762589928,0.2167841726618705,32.33369829336887,926.0381652617478,-0.21270471163567367,-10.104729241161873,-296.5446177477821,-0.010911784870449413,0.0,0.0,0.03468546762589928,0.0,0.8174283619596376
clausius,4.74,472.4462966410264,1.7259869725268282,249.81685380942588,0.04043971223021583,0.2527482014388489,37.657438915725216,924.4201081775593,-0.2726908768039394,-10.581492287030548,-265.84269647086904,-0.011446627127022742,0.0,0.0,0.04043971223021583,0.0,0.8633906253738116
clausius,4.74,472.4462966410264,1.7259869725268282,249.81685380942588,0.04619395683453237,0.2887122302158273,42.97237713257374,922.9759968186504,-0.33448170143219896,-10.74347166890429,-236.0863865665733,-0.011640033658443238,0.0,0.0,0.04619395683453237,0.0,0.9057749958748931
clausius,4.74,472.4462966410264,1.7259869725268282,249.81685380942588,0.051948201438848915,0.3246762589928057,48.27949821494002,921.6999473895216,-0.3963320045687797,-10.614705033253236,-207.429493231443,-0.011516443136746032,0.0,0.0,0.051948201438848915,0.0,0.9453361591180859
clausius,4.74,472.4462966410264,1.7259869725268282,249.81685380942588,0.05770244604316546,0.36064028776978413,53.57975103070374,920.5758149990627,-0.4566409197602172,-10.28442931373449,-183.28465528272218,-0.011171735283687593,0.0,0.0,0.05770244604316546,0.0,0.9826123754494213
clausius,4.74,472.4462966410264,1.7259869725268282,249.81685380942588,0.06345669064748201,0.39660431654676254,58.87393504758535,919.5928223070241,-0.5146902483428429,-9.703301391791975,-158.37363685913624,-0.01055173676480952,0.0,0.0,0.06345669064748201,0.0,1.0180027847649185
clausius,4.74,472.4462966410264,1.7259869725268282,249.81685380942588,0.06921093525179856,0.43256834532374094,64.16287510256058,918.7701295022741,-0.5683112591157696,-8.81745529859118,-127.5693013791205,-0.009597019989502558,0.0,0.0,0.06921093525179856,0.0,1.051812706059426
clausius,4.74,472.4462966410264,1.7259869725268282,249.81685380942588,0.0749651798561151,0.4685323741007194,69.4475911681767,918.1108328215564,-0.6161658374942842,-7.710108497590423,-101.58212545563195,-0.008397797108978188,0.0,0.0,0.0749651798561151,0.0,1.0842817163134997
clausius,4.74,472.4462966410264,1.7259869725268282,249.81685380942588,0.08071942446043165,0.5044964028776978,74.7289437144166,917.5951940229435,-0.6570429595576793,-6.400928607799192,-77.63820112808381,-0.006975765184357693,0.0,0.0,0.08071942446043165,0.0,1.115601861296283
clausius,4.74,472.4462966410264,1.7259869725268282,249.81685380942588,0.08647366906474818,0.5404604316546762,80.00772555648332,917.2132479555736,-0.689830855302372,-4.905440402184256,-55.114607844358176,-0.005348200555452353,0.0,0.0,0.08647366906474818,0.0,1.1459299155319387
clausius,4.74,472.4462966410264,1.7259869725268282,249.81685380942588,0.09222791366906474,0.5764244604316546,85.28468248052863,916.957641387939,-0.7134971674898096,-3.2361113231388057,-33.72644261797618,-0.0035291830037432427,0.0,0.0,0.09222791366906474,0.0,1.175395898830546
clausius,4.74,472.4462966410264,1.7259869725268282,249.81685380942588,0.0979821582733813,0.6123884892086331,90.5605226771701,916.8223552463203,-0.7270736075426504,-1.4029694428331045,-13.294895862998121,-0.0015302522182240772,0.0,0.0,0.0979821582733813,0.0,1.2041091526695293
clausius,4.74,472.4462966410264,1.7259869725268282,249.81685380942588,0.10373640287769784,0.6483525179856114,95.83592266211448,916.802271274899,-0.7296432261826964,0.5860243246461945,6.314319678486304,0.000639204704228397,0.0,0.0,0.10373640287769784,0.0,1.2321627768750105
clausius,4.74,472.4462966410264,1.7259869725268282,249.81685380942588,0.10949064748201438,0.6843165467625899,101.11153172258757,916.8929780065195,-0.7203293529264632,2.724738764440318,25.21257493892103,0.0029717086179069244,0.0,0.0,0.10949064748201438,0.0,1.2596369351439276
clausius,4.74,472.4462966410264,1.7259869725268282,249.81685380942588,0.11524489208633093,0.7202805755395683,106.38797560497397,917.0906649988035,-0.6982855995157907,5.004364091274227,43.497396874123915,0.005456782281477869,0.0,0.0,0.11524489208633093,0.0,1.2866013621229466
clausius,4.74,472.4462966410264,1.7259869725268282,249.81685380942588,0.12099913669064748,0.7562446043165467,111.66585974406445,917.3920558309441,-0.6627366827859628,7.413394416232776,61.256868147740065,0.008080944639876964,0.0,0.0,0.12099913669064748,0.0,1.3131172954037562
clausius,4.74,472.4462966410264,1.7259869725268282,249.81685380942588,0.12675338129496402,0.7922086330935252,116.94577217959012,917.7943607632204,-0.612968629877235,9.95569203769253,78.5720616038759,0.01084741033864445,0.0,0.0,0.12675338129496402,0.0,1.3392389858351101
clausius,4.74,472.4462966410264,1.7259869725268282,249.81685380942588,0.13250762589928056,0.8281726618705034,122.22828624065227,918.2952407915486,-0.548161708405704,12.648553449209611,95.51856636613687,0.01377395078113098,0.0,0.0,0.13250762589928056,0.0,1.3650148936658106
clausius,4.74,472.4462966410264,1.7259869725268282,249.81685380942588,0.13826187050359712,0.864136690647482,127.51396304857879,918.8927791730358,-0.4674028890021873,15.499498004945195,112.16755842562331,0.016867580588557984,0.0,0.0,0.13826187050359712,0.0,1.3904886472587688
clausius,4.74,472.4462966410264,1.7259869725268282,249.81685380942588,0.14401611510791365,0.9001007194244603,132.80335387365602,919.5854584047622,-0.36978590287656204,18.50999581211979,128.5866254360824,0.020128630398559957,0.0,0.0,0.14401611510791365,0.0,1.415699820060964
clausius,4.74,472.4462966410264,1.7259869725268282,249.81685380942588,0.1497703597122302,0.9360647482014388,138.0970023730459,920.372141538517,-0.25438080194656293,21.685077282256163,144.8404489585892,0.02356120562928692,0.0,0.0,0.1497703597122302,0.0,1.4406845668463326
clausius,4.74,472.4462966410264,1.7259869725268282,249.81685380942588,0.15552460431654674,0.9720287769784172,143.39544673247858,921.2520571684179,-0.12022342498534232,25.031360389517975,160.99139880075282,0.02717102251739329,0.0,0.0,0.15552460431654674,0.0,1.4654761498623383
clausius,4.74,472.4462966410264,1.7259869725268282,249.81685380942588,0.16127884892086328,1.0079928057553955,148.69922173139966,922.2247880015417,0.03369233897360984,28.556748123145574,177.10018402709497,0.030965062417187852,0.0,0.0,0.16127884892086328,0.0,1.4901053780464435
clausius,4.74,472.4462966410264,1.7259869725268282,249.81685380942588,0.16703309352517984,1.043956834532374,154.00886075312826,923.2902671177993,0.20842160262353188,32.27035989068904,193.22787448411532,0.0349514784677913,0.0,0.0,0.16703309352517984,0.0,1.514600977040847
clausius,4.74,472.4462966410264,1.7259869725268282,249.81685380942588,0.17278733812949637,1.0799208633093522,159.32489780696082,924.4487740496512,0.4050754275343109,36.18253411095704,209.43381667186844,0.03913957714763946,0.0,0.0,0.17278733812949637,0.0,1.538989903723207
clausius,4.74,472.4462966410264,1.7259869725268282,249.81685380942588,0.1785415827338129,1.1158848920863307,164.64786949321274,925.7009234894504,0.6248279059804788,40.304863825941915,225.7751554535457,0.04353983322606164,0.0,0.0,0.1785415827338129,0.0,1.5632976159794938
clausius,4.74,472.4462966410264,1.7259869725268282,249.81685380942588,0.18429582733812946,1.1518489208633091,169.97831689536085,927.0476588735444,0.8689235179305898,44.65025392167344,242.30900735246303,0.048163925008912666,0.0,0.0,0.18429582733812946,0.0,1.587548306190684
clausius,4.74,472.4462966410264,1.7259869725268282,249.81685380942588,0.19005007194244602,1.1878129496402876,175.31678747124752,928.4902534923606,1.1386848714007862,49.23299639016855,259.09290306826585,0.05302478534910505,0.0,0.0,0.19005007194244602,0.0,1.6117651051902822
clausius,4.74,472.4462966410264,1.7259869725268282,249.81685380942588,0.19580431654676259,1.223776978417266,180.6638369579987,930.0303142237851,1.435520925595518,54.06886288336835,276.18525673216476,0.05813666722089042,0.0,0.0,0.19580431654676259,0.0,1.6359702621346062
clausius,4.74,472.4462966410264,1.7259869725268282,249.81685380942588,0.2015585611510791,1.2597410071942443,186.02003130619357,931.6697878734645,1.7609357964170917,59.17521500232718,293.6458027433171,0.06351522371182021,0.0,0.0,0.2015585611510791,0.0,1.6601853047119268
clausius,4.74,472.4462966410264,1.7259869725268282,249.81685380942588,0.20731280575539565,1.2957050359712228,191.38594865774994,933.4109700859669,2.1165382488683417,64.57113348638975,311.53605247387367,0.06917760295922253,0.0,0.0,0.20731280575539565,0.0,1.684431183327113
clausius,4.74,472.4462966410264,1.7259869725268282,249.81685380942588,0.2130670503597122,1.3316690647482012,196.7621813826477,935.2565169427569,2.504051989334417,70.27756795198644,329.9197714246356,0.07514255894384517,0.0,0.0,0.2130670503597122,0.0,1.7087284022820466
clausius,4.74,472.4462966410264,1.7259869725268282,249.81685380942588,0.21882129496402875,1.3676330935251797,202.14933819028943,937.2094593752919,2.9253268812527566,76.31751035326123,348.8634805308757,0.08143058052799805,0.0,0.0,0.21882129496402875,0.0,1.733097140489398
clausius,4.74,472.4462966410264,1.7259869725268282,249.81685380942588,0.22457553956834528,1.403597122302158,207.54804633209707,939.2732205358118,3.382351233664666,82.71621201146377,368.43698284326683,0.08806405868175184,8.542044038004819e-07,1.9183341488514992e-07,0.2245753477349304,0.004100259984757146,1.7575565541238916
clausius,4.74,472.4462966410264,1.7259869725268282,249.81685380942588,0.23032978417266184,1.4395611510791364,212.95895391278387,941.4516363203287,3.8772655145656945,89.50144474642603,388.7139324594013,0.0950674907701506,4.854684147694516e-06,1.1181783519649205e-06,0.23032866599430987,0.009899296431305066,1.7821242462713252
clausius,4.74,472.4462966410264,1.7259869725268282,249.81685380942588,0.23608402877697837,1.4755251798561149,218.38273232913954,943.7489792700771,4.412377644685981,96.70376091336728,409.77243985266676,0.10246767205847553,1.3327836216567558e-05,3.14648926888699e-06,0.2360808822877095,0.016605840912651854,1.8068186162921736
clausius,4.74,472.4462966410264,1.7259869725268282,249.81685380942588,0.24183827338129493,1.5114892086330933,223.82007885637205,946.1699861202161,4.990179703471417,104.35675286622286,431.69573420622726,0.11029387361370366,2.5801468029334634e-05,6.23978247891697e-06,0.24183203359881603,0.023384650257208688,1.8316598330718126
clausius,4.74,472.4462966410264,1.7259869725268282,249.81685380942588,0.2475925179856115,1.5474532374100718,229.2717194039366,948.719889327916,5.613366208894901,112.49735510856884,454.5728841915735,0.11857805067021758,4.274777216708071e-05,1.0584028549122754e-05,0.24758193395706238,0.030455758481471827,1.856667316309038
clausius,4.74,472.4462966410264,1.7259869725268282,249.81685380942588,0.253346762589928,1.58341726618705,234.73841146471793,951.4044529279331,6.284854300738143,121.16619600294032,478.49958130747376,0.12735508608358218,6.445857969415188e-05,1.633037248665825e-05,0.25333043221744134,0.037830232227945924,1.8818608964258923
clausius,4.74,472.4462966410264,1.7259869725268282,249.81685380942588,0.25910100719424456,1.6193812949640285,240.22094728350316,954.2300131471678,7.007806068045858,130.40799414527766,503.57901059656115,0.1366630606337523,9.082242106294095e-05,2.353218077322777e-05,0.25907747501347134,0.04541176111418725,1.9072611372677457
clausius,4.74,472.4462966410264,1.7259869725268282,249.81685380942588,0.2648552517985611,1.655345323741007,245.72015727357595,957.2035242759096,7.785653294078562,140.27200535588304,529.9228070047083,0.14654355296277646,0.0001225344279497472,3.245388676862294e-05,0.2648227979117925,0.05332931743926926,1.9328882151599553
clausius,4.74,472.4462966410264,1.7259869725268282,249.81685380942588,0.2706094964028777,1.6913093525179854,251.23691371309806,960.3326103358233,8.622124927957366,150.81252762221865,557.6521137994839,0.15704197274887946,0.00015966349232370236,4.320645725164182e-05,0.27056628994562604,0.06153206137864821,1.958763439898183
clausius,4.74,472.4462966410264,1.7259869725268282,249.81685380942588,0.27636374100719424,1.7272733812949639,256.77213475632425,963.6256231802148,9.52127764074555,162.08947341625532,586.8987597996747,0.1682079321233883,0.0002032654688945836,5.61752054012886e-05,0.27630756580179294,0.07016052016139634,1.9849076964351497
clausius,4.74,472.4462966410264,1.7259869725268282,249.81685380942588,0.28211798561151075,1.7632374100719421,262.3267887986299,967.0917072152088,10.487529883601356,174.16902146147837,617.8063833893688,0.18009566224387052,0.00025334035766239087,7.147187137781338e-05,0.28204651374013295,0.07913710813500796,2.0113436417499937
clausius,4.74,472.4462966410264,1.7259869725268282,249.81685380942588,0.2878722302158273,1.7992014388489206,267.901899232569,970.7408639642138,11.525699944713155,187.1243642043989,650.5292540189586,0.19276448653890932,0.0003104718207558162,8.937621546014539e-05,0.2877828540003672,0.0884941116411777,2.038094111113649
clausius,4.74,472.4462966410264,1.7259869725268282,249.81685380942588,0.29362647482014387,1.835165467625899,273.4985495559412,974.5840221279252,12.641048609720015,201.0365737314301,685.2353607937356,0.2062793655209769,0.00037625679743485366,0.00011047895705791303,0.29351599586308597,0.0983857788812431,2.0651817023495034
clausius,4.74,472.4462966410264,1.7259869725268282,249.81685380942588,0.29938071942446043,1.8711294964028777,279.1178889341345,978.6331259142864,13.839327184041895,215.9956190105777,722.1096739721237,0.220711534579196,0.00045051492618276395,0.00013487548271205356,0.29924584394174836,0.10870424718742039,2.0926319075704853
clausius,4.74,472.4462966410264,1.7259869725268282,249.81685380942588,0.30513496402877693,1.9070935251798558,284.76113832473663,982.901234882962,15.126831860215267,232.10158246568434,761.3548855544917,0.236139272419697,0.0005347742542904095,0.0001631783228464201,0.30497178570593053,0.11956297070160352,2.120469426310924
clausius,4.74,472.4462966410264,1.7259869725268282,249.81685380942588,0.3108892086330935,1.9430575539568342,290.4295971889372,987.4026316461739,16.51046574115488,249.46614489002553,803.1933993202931,0.25264885558804073,0.0006302709979843061,0.000195944451787731,0.3106932641813058,0.13101321972512522,2.1487204326772944
clausius,4.74,472.4462966410264,1.7259869725268282,249.81685380942588,0.31664345323741006,1.979021582733813,296.1246508556126,992.1529414313119,17.997810296601433,268.21443326426686,847.8694635877581,0.2703357739153926,0.0007384217350077087,0.00023381640811840062,0.31640963682929163,0.14310891232914588,2.177412166837528
clausius,4.74,472.4462966410264,1.7259869725268282,249.81685380942588,0.3223976978417266,2.014985611510791,301.84777860871304,997.1692644787425,19.597208651976345,288.487348222631,895.6514995853368,0.2893062978364401,0.0008602823200703944,0.00027735303948463457,0.322120344802242,0.15585592193697187,2.2065736938118294
clausius,4.74,472.4462966410264,1.7259869725268282,249.81685380942588,0.3281519424460431,2.0509496402877696,307.60056257504675,1002.4703222150258,21.31786383044875,310.4444855504368,946.8345609852427,0.3096794774577354,0.0009981448241086564,0.00032754316287371963,0.3278243992831694,0.16936176278410503,2.2362341175563953
clausius,4.74,472.4462966410264,1.7259869725268282,249.81685380942588,0.3339061870503597,2.086913669064748,313.3846974938996,1008.0766176918954,23.16995566381319,334.2676977607595,1001.7428327073737,0.33158957552859714,0.0011538980174468343,0.00038529368725064185,0.33352089336310903,0.18367389392051303,2.266424624449459
clausius,4.74,472.4462966410264,1.7259869725268282,249.81685380942588,0.33966043165467624,2.1228776978417265,319.2020014512293,1014.0106101172235,25.16478002292309,360.1651415101881,1060.7320300649646,0.35518873068650797,0.0013301258020855674,0.0004517911040914063,0.33920864055058486,0.19887777448271823,2.297177264237554
clausius,4.74,472.4462966410264,1.7259869725268282,249.81685380942588,0.34541467625899275,2.1588417266187045,325.0544276578731,1020.2969019211856,27.314912308208992,388.37523704080775,1124.1913564892031,0.3806492368148035,0.0015297728030589722,0.0005284059775184268,0.34488627028147434,0.21506119099498275,2.32852543467907
clausius,4.74,472.4462966410264,1.7259869725268282,249.81685380942588,0.3511689208633093,2.194805755395683,330.944077336591,1026.9624343378425,29.634392247307535,419.16933286910125,1192.5445054731842,0.40816423157617276,0.0017558951149487737,0.0006166157926657173,0.3505523050706436,0.2322952773128138,2.3605043042907776
clausius,4.74,472.4462966410264,1.7259869725268282,249.81685380942588,0.35692316546762587,2.2307697841726615,336.87321375112174,1034.0366831018807,32.13891805212299,452.8511233862375,1266.2486986692043,0.4379449305684055,0.002012853940532343,0.0007184342000787883,0.3562047312675471,0.25071165233454823,2.3931492758533066
clausius,4.74,472.4462966410264,1.7259869725268282,249.81685380942588,0.3626774100719424,2.26673381294964,342.84427734539975,1041.5518383671792,34.84602451391541,489.75017711364166,1345.7901637944758,0.47021200392811324,0.0023049415906179213,0.000835950246452411,0.36184145982549,0.2704028350225083,2.4264978400365997
clausius,4.74,472.4462966410264,1.7259869725268282,249.81685380942588,0.36843165467625894,2.3026978417266184,348.85990184320235,1049.5429407413899,37.77520268036147,530.2067198432504,1431.6734039590463,0.5051786823211979,0.002637978423304609,0.0009719147554983857,0.36745973992076053,0.2915182779237675,2.460587347144013
clausius,4.74,472.4462966410264,1.7259869725268282,249.81685380942588,0.3741858992805755,2.338661870503597,354.9229309529191,1058.0479262246045,40.94790282757622,574.5455006889383,1524.4002661920379,0.5430240790122514,0.003018325881241727,0.001129414984194271,0.3730564842963812,0.31419429152942335,2.495456259489663
clausius,4.74,472.4462966410264,1.7259869725268282,249.81685380942588,0.37994014388489206,2.3746258992805753,361.03643498437486,1067.1075049483895,44.38735337490883,623.0381899024818,1624.4331069979462,0.5838570031729042,0.0034536029120943454,0.001312162387342408,0.37862798149754967,0.3385886782925489,2.5311429323519032
clausius,4.74,472.4462966410264,1.7259869725268282,249.81685380942588,0.3856943884892086,2.410589928057554,367.20372615806906,1076.7647616486345,48.11813111263525,675.8560007651531,1732.1349099405384,0.6276728444663717,0.003952685968543292,0.0015245287975271802,0.38416985969168144,0.3648704900182765,2.567685267278353
clausius,4.74,472.4462966410264,1.7259869725268282,249.81685380942588,0.3914486330935252,2.4465539568345323,373.4283706240446,1087.064323876517,52.16543486630453,733.0165134889072,1847.6789270124161,0.6743083158823018,0.00452697153890232,0.0017720768209566052,0.3896765562725686,0.39326647548711025,2.6051181340191985
clausius,4.74,472.4462966410264,1.7259869725268282,249.81685380942588,0.3972028776978416,2.4825179856115103,379.7141941984919,1098.050909096853,56.55404374787213,794.3303882962541,1970.9231574712362,0.7234003284507008,0.005189044724531803,0.002061103497086836,0.3951417742007548,0.42398421378086554,2.6434746732035426
clausius,4.74,472.4462966410264,1.7259869725268282,249.81685380942588,0.4029571223021582,2.5184820143884887,386.0652776619154,1109.7670569719774,61.30697756810124,859.3544159394155,2101.252664302565,0.77435567269782,0.005953156458021238,0.002398866794938747,0.40055825550721946,0.4572281109808588,2.6827845877766636
clausius,4.74,472.4462966410264,1.7259869725268282,249.81685380942588,0.40871136690647475,2.554446043165467,392.48593639775044,1122.2499087612705,66.44391477010211,927.3571317286587,2237.406064222495,0.8263374534396419,0.006838004029894453,0.002794769973970145,0.4059165969325046,0.49329241538084173,2.723067715243162
clausius,4.74,472.4462966410264,1.7259869725268282,249.81685380942588,0.4144656115107913,2.5904100719424457,398.980678626284,1135.5270371451338,71.97945711114947,997.3022331749779,2377.3189941816786,0.8782725558717902,0.00786395056190439,0.0032593370785303343,0.411206274432261,0.5324320144255145,2.7643367997289774
clausius,4.74,472.4462966410264,1.7259869725268282,249.81685380942588,0.42021985611510787,2.626374100719424,405.55413705084635,1149.6115546160838,77.92135675834206,1067.8536028414526,2518.02989675164,0.9288821067895977,0.009055359655547896,0.0038052419315248898,0.416414614183583,0.5749360402658404,2.806590678001979
clausius,4.74,472.4462966410264,1.7259869725268282,249.81685380942588,0.42597410071942443,2.6623381294964026,412.2109707967031,1164.4969887092998,84.26883877585033,1137.4041127572314,2655.6931952592417,0.9767342670571458,0.010440234669032225,0.00444726957444076,0.4215268311449837,0.6210951070981242,2.84981147739698
clausius,4.74,472.4462966410264,1.7259869725268282,249.81685380942588,0.431728345323741,2.698302158273381,418.9557380788931,1180.1526196861294,91.01115971586358,1204.1287226389763,2785.7268531987256,1.0203161036571893,0.012050064670148974,0.005202354481087487,0.4265259908426535,0.6711831295901373,2.893960851352263
clausius,4.74,472.4462966410264,1.7259869725268282,249.81685380942588,0.43748258992805755,2.7342661870503595,425.79274448490105,1196.5200411911574,98.12654118614617,1266.0607038984938,2903.0898831437758,1.0581190956384712,0.013920493253559707,0.006089973441643353,0.4313926164864142,0.7254656796387263,2.9389737416632413
clausius,4.74,472.4462966410264,1.7259869725268282,249.81685380942588,0.44323683453237406,2.770230215827338,432.7258760608547,1213.5115868750215,105.58160566415378,1321.1880591141035,3002.6533906518075,1.0887313095348066,0.01608948239925294,0.00713145124790922,0.43610538328446485,0.7841443448760971,2.984757042824499
clausius,4.74,472.4462966410264,1.7259869725268282,249.81685380942588,0.44899107913669056,2.806194244604316,439.75842948700335,1231.0110003005932,113.33141970703562,1367.5652715132833,3079.6092272599963,1.110928554805234,0.01859521702631241,0.008349086559424972,0.4406419925772656,0.8473165725091379,3.031189492971715
clausius,4.74,472.4462966410264,1.7259869725268282,249.81685380942588,0.4547453237410071,2.8421582733812945,446.8929528735227,1248.8763996247262,121.32021583346575,1403.43338826847,3129.858931510089,1.1237568334946408,0.021477118270048372,0.009766619100737046,0.44497870464027006,0.9150195449857912,3.078114821155779
clausius,4.74,472.4462966410264,1.7259869725268282,249.81685380942588,0.4604995683453237,2.878122302158273,454.1311100550011,1266.9452954205096,129.48281771095873,1427.339274075614,3150.3383969903352,1.126598977268287,0.024768786907671963,0.011406015679420244,0.44909355266590345,0.987105146877074,3.1253562534031523
clausius,4.74,472.4462966410264,1.7259869725268282,249.81685380942588,0.46625381294964025,2.9140863309352514,461.4735791337981,1285.0412169050294,137.7467344662232,1438.2430990752136,3139.25223700708,1.119219430594736,0.02849887885148826,0.013287710929296266,0.452966102020344,1.063312240366363,3.1727145641193815
clausius,4.74,472.4462966410264,1.7259869725268282,249.81685380942588,0.4720080575539568,2.95005035971223,468.9199930324014,1302.9813990212874,146.03482289605688,1435.6024349152735,3096.208140465889,1.101782754530189,0.032684048574570676,0.015427134280682276,0.45658092327327454,1.1431860100155078,3.2199900904083503
clausius,4.74,472.4462966410264,1.7259869725268282,249.81685380942588,0.4777623021582733,2.9860143884892083,476.4689265034842,1320.584957754596,154.26834959633297,1419.4224535913982,3022.2522114292624,1.0748437238031672,0.037328811326822656,0.01783429883633462,0.45992800332193867,1.2261438767279875,3.266990589149693
clausius,4.74,472.4462966410264,1.7259869725268282,249.81685380942588,0.48351654676258987,3.0219784172661868,484.11793076780333,1337.6810000717228,162.37023088570496,1390.2650260235803,2919.810906398035,1.0393098399013203,0.042423192223275126,0.020512315406443545,0.4630042313561463,1.3114913051499677,3.313547834900951
clausius,4.74,472.4462966410264,1.7259869725268282,249.81685380942588,0.48927079136690643,3.0579424460431652,491.8636138574032,1354.1161497679366,170.2681996454654,1349.2146368192427,2792.5460844344134,0.9963802861744661,0.04794450975684818,0.023457848230431476,0.465812943136475,1.3984927798610818,3.359523787637762
clausius,4.74,472.4462966410264,1.7259869725268282,249.81685380942588,0.495025035971223,3.0939064748201437,499.70176186464346,1369.76100769391,177.89765297366907,1297.8048260286741,2645.129579969725,0.9474680756270182,0.0538584254410759,0.02666126899132203,0.46836376697990095,1.4864093106578027,3.404818470424048
clausius,4.74,472.4462966410264,1.7259869725268282,249.81685380942588,0.5007792805755394,3.1298705035971213,507.62749363285485,1384.5151063867104,185.20397248072823,1237.9138527859996,2482.9453307629024,0.8941136482191885,0.06012167170803025,0.030107687504946152,0.4706715930705933,1.574542576914821,3.449371129025031
clausius,4.74,472.4462966410264,1.7259869725268282,249.81685380942588,0.5065335251798561,3.1658345323741,515.6354390256844,1398.3099808398108,192.14417118967413,1171.641301769324,2311.7324772534294,0.8378981183168328,0.06668682646291316,0.03377911329131671,0.47275441188853934,1.6622864145233764,3.4931517956782083
clausius,4.74,472.4462966410264,1.7259869725268282,249.81685380942588,0.5122877697841726,3.2017985611510786,523.7199289576738,1411.1100827792252,198.68779375852935,1101.1780759556286,2137.192731734798,0.7803629847125918,0.0735050084556049,0.03765571684968858,0.47463205293448396,1.7491368474099236,3.5361563462528607
clausius,4.74,472.4462966410264,1.7259869725268282,249.81685380942588,0.5180420143884892,3.237762589928057,531.8751841855425,1422.9114365252,204.81706719359286,1028.6810717885764,1964.5980531484895,0.7229410386219481,0.08052829708433563,0.04171704123684393,0.47632497315164524,1.8346942260790144,3.578399979041111
clausius,4.74,472.4462966410264,1.7259869725268282,249.81685380942588,0.5237962589928057,3.2737266187050356,540.0954898697647,1433.7381736232019,210.52635877233334,956.1616296205445,1798.4456971571428,0.6669011450007131,0.08771210340979388,0.04594327163444015,0.47785298735836557,1.918663081378462,3.6199087783239503
clausius,4.74,472.4462966410264,1.7259869725268282,249.81685380942588,0.5295505035971223,3.3096906474820145,548.3753444846905,1443.637361463955,215.82104298978996,885.3943443637189,1642.210208685734,0.6133080010244842,0.09501642263454069,0.05031599445611803,0.4792345091410043,2.0008407497729825,3.6607137302238293
clausius,4.74,472.4462966410264,1.7259869725268282,249.81685380942588,0.5353047482014388,3.3456546762589925,556.7095748653522,1452.6727916323516,220.715910029828,817.850457013223,1498.229862841554,0.5629970229525769,0.10240452899481406,0.05481763060825588,0.4804871175931829,2.081085133639122,3.7008533290740324
clausius,4.74,472.4462966410264,1.7259869725268282,249.81685380942588,0.5410589928057553,3.3816187050359705,565.0934136308662,1460.9185325847805,225.2332661486022,754.6579634992796,1367.7383117673185,0.5165640291824316,0.10984653036208242,0.05943345308091513,0.4816255397248402,2.1593337660796275,3.7403582504236934
clausius,4.74,472.4462966410264,1.7259869725268282,249.81685380942588,0.5468132374100719,3.4175827338129494,573.5225400322963,1468.4530179270662,229.4008830589685,696.5887114040321,1251.0190961585138,0.4743690829056062,0.11731536776330062,0.0641495960446036,0.48266364136546835,2.2355540099364326,3.77926351825492
clausius,4.74,472.4462966410264,1.7259869725268282,249.81685380942588,0.5525674820143884,3.4535467625899274,581.9930893410645,1475.3542385450326,233.24994981665117,644.0709848249348,1147.6347993589998,0.43655345136643653,0.12478820564426274,0.06895390457794395,0.4836135774364445,2.309749049223705,3.8176012760580775
clausius,4.74,472.4462966410264,1.7259869725268282,249.81685380942588,0.5583217266187049,3.489510791366906,590.5016383655028,1481.6963065380323,236.8131670374199,597.2243269227424,1056.674690111263,0.4030679730302836,0.13224686148460446,0.07383629604398907,0.4844854305747159,2.3819552803204798,3.8553970523142405
clausius,4.74,472.4462966410264,1.7259869725268282,249.81685380942588,0.5640759712230216,3.525474820143885,599.045175295329,1487.547366015125,240.12309953817473,555.9116548297721,976.9752081580928,0.3737102209517944,0.13967591702747895,0.07878782855374136,0.4852881426692802,2.4522223912830343,3.8926750823702254
clausius,4.74,472.4462966410264,1.7259869725268282,249.81685380942588,0.5698302158273381,3.561438848920863,607.6210611746185,1492.968622785163,243.21087031798172,519.8022634190428,907.2883721411494,0.34816690417065915,0.1470615509552993,0.08380011532076127,0.4860301005065768,2.5206026871280023,3.929461354105406
clausius,4.74,472.4462966410264,1.7259869725268282,249.81685380942588,0.5755844604316546,3.597402877697841,616.2269885794798,1498.0141796290952,246.1052382773558,488.4384026025141,846.3933674782372,0.3260572625043177,0.15439328987612472,0.08886637844761729,0.48671808198403727,2.5871639381826297,3.9657755942639485
clausius,4.74,472.4462966410264,1.7259869725268282,249.81685380942588,0.5813387050359712,3.6333669064748197,624.8609411952593,1502.7313742873573,248.83205840341475,461.29810027888277,793.15968687873,0.30697309457430133,0.16166376674411548,0.09398140481026139,0.4873573002257098,2.6519859129940353,4.001630969743123
clausius,4.74,472.4462966410264,1.7259869725268282,249.81685380942588,0.5870929496402877,3.6693309352517978,633.5211563839403,1507.1613800101195,251.41408248637828,437.8480288692672,746.5752487682387,0.29051170941384347,0.16886445190149185,0.09913912915623734,0.48795382048405034,2.715129120121281,4.037049865294246
clausius,4.74,472.4462966410264,1.7259869725268282,249.81685380942588,0.5928471942446043,3.7052949640287767,642.2060916727744,1511.33990438611,253.871027718678,417.5824198760299,705.7524374257031,0.27629947350966516,0.1759903254501043,0.10433537065728911,0.4885118235873152,2.7766696694456376,4.072044863798089
clausius,4.74,472.4462966410264,1.7259869725268282,249.81685380942588,0.5986014388489208,3.741258992805755,650.9143953641444,1515.2978880151638,256.2198252592365,400.0468624306759,669.9220085597394,0.26400542467242755,0.18303762893091888,0.1095665880415429,0.4890348508073779,2.836682688802594,4.106626820252909
clausius,4.74,472.4462966410264,1.7259869725268282,249.81685380942588,0.6043556834532374,3.777223021582734,659.6448810648615,1519.0621521078851,258.47496271790897,384.84852957511356,638.4214323440114,0.25334613797143785,0.19000240121145498,0.1148290310419051,0.4895266524113323,2.895233106224717,4.140810148274403
clausius,4.74,472.4462966410264,1.7259869725268282,249.81685380942588,0.6101099280575538,3.813187050359711,668.3965057489208,1522.6559741785027,260.64885040880995,371.6562267440049,610.6815577935952,0.24408417465706225,0.19688206996652377,0.1201197055430981,0.48999022251445573,2.9523873396678795,4.174606063143883
clausius,4.74,472.4462966410264,1.7259869725268282,249.81685380942588,0.6158641726618704,3.84915107913669,677.1683509121553,1526.09958796727,262.7521643927136,360.1942774228301,586.2136128423476,0.23602278662731355,0.20367464328137003,0.12543591567668255,0.4904282569851879,3.008208304722446,4.20802539029518
clausius,4.74,472.4462966410264,1.7259869725268282,249.81685380942588,0.6216184172661869,3.885115107913668,685.9596063883416,1529.4106121160746,264.794142363542,350.2337853317753,564.5974410779558,0.22899918606370592,0.2103788112090742,0.13077534365012666,0.4908430736160603,3.0627566592987447,4.241077826742272
clausius,4.74,472.4462966410264,1.7259869725268282,249.81685380942588,0.6273726618705036,3.921079136690647,694.7695564372622,1532.6044155182326,266.7828261317031,341.5837297640641,545.4712549111804,0.22287794965575738,0.21699432626410556,0.13613630807910843,0.49123635379139513,3.1160936123965426,4.273770109468982
clausius,4.74,472.4462966410264,1.7259869725268282,249.81685380942588,0.6331269064748201,3.9570431654676255,703.5975677654367,1535.6944280602995,268.7252550313764,334.08319777274875,528.5229022884616,0.21754536037141295,0.22351986684939104,0.14151644183401862,0.49161046464080144,3.1682681829730757,4.3061144152515825
clausius,4.74,472.4462966410264,1.7259869725268282,249.81685380942588,0.6388811510791367,3.9930071942446044,712.4430791903521,1538.6924049741701,270.6276190080564,327.59517882289384,513.4824763625112,0.21290491703466435,0.22995569916129038,0.14691436177737285,0.49196678930176385,3.219334274013753,4.338117406257992
clausius,4.74,472.4462966410264,1.7259869725268282,249.81685380942588,0.6446353956834533,4.028971223021583,721.3055927034878,1541.6086520578326,272.4953806116599,322.0018403513547,500.11610492122696,0.20887391876111175,0.23630192682179263,0.15232858609752872,0.49230680958592454,3.2693402073139275,4.369787130035366
clausius,4.74,472.4462966410264,1.7259869725268282,249.81685380942588,0.6503896402877698,4.064935251798561,730.1846657264952,1544.4522179955939,274.33337371289997,317.20099709197854,488.22072581699825,0.2053809068328739,0.24255912283969144,0.1577579406522239,0.49263169963554587,3.3183329842361973,4.401130311063604
clausius,4.74,472.4462966410264,1.7259869725268282,249.81685380942588,0.6561438848920864,4.10089928057554,739.0799043875396,1547.2310589573813,276.1458848636606,313.10346191770145,477.61967647937,0.20236373882559575,0.24872756807420154,0.1632010727959675,0.4929428120961189,3.3663541897108065,4.432155338340979
clausius,4.74,472.4462966410264,1.7259869725268282,249.81685380942588,0.6618981294964028,4.136863309352518,747.990957671768,1549.95217983816,277.9367215255655,309.6310193783418,468.158985328811,0.19976811117532176,0.25480811905306344,0.1686570173817194,0.4932411121146834,3.41344540790891,4.46286861432974
clausius,4.74,472.4462966410264,1.7259869725268282,249.81685380942588,0.6676523741007195,4.172827338129497,756.9175123231045,1552.6217557457544,279.70927010883435,306.7148333976756,459.70421520032147,0.19754639677218389,0.26080184190929745,0.17412496892058296,0.4935274051801366,3.459646318001508,4.493275952887359
clausius,4.74,472.4462966410264,1.7259869725268282,249.81685380942588,0.6734066187050359,4.208791366906475,765.859288392857,1555.2452367256662,281.46654587585033,304.29416126557277,452.13779371563214,0.1956567067880678,0.26670952924534336,0.17960396226551856,0.4938026564395174,3.5049922755545464,4.523384495459047
clausius,4.74,472.4462966410264,1.7259869725268282,249.81685380942588,0.6791608633093525,4.244755395683454,774.8160353467397,1557.8274382496297,283.2112361800092,302.3007247325783,445.35673477261855,0.19405276689197523,0.27253256225340217,0.1850934502599305,0.49406741304942203,3.549519382869966,4.553199093295088
clausius,4.74,472.4462966410264,1.7259869725268282,249.81685380942588,0.684915107913669,4.280719424460432,783.7875286548655,1560.3726195508916,284.9455705041972,300.69695497424107,439.27069289620516,0.19270842823478154,0.27827109966795033,0.19059208025832955,0.49432302765533953,3.5932547824828087,4.582729745519972
clausius,4.74,472.4462966410264,1.7259869725268282,249.81685380942588,0.6906693525179856,4.31668345323741,792.7735668002875,1562.8845515680791,286.6718038413991,299.4784066980417,433.8002972797072,0.19161902035410605,0.28392749819645735,0.1961000213413987,0.49456933117658686,3.6362354908617203,4.611977383279353
clausius,4.74,472.4462966410264,1.7259869725268282,249.81685380942588,0.6964235971223022,4.352647482014389,801.7739686509261,1565.3665759889425,288.39211451590023,298.5944825402169,428.87572417464395,0.19075051628183362,0.28950192244178385,0.20161597020072886,0.4948076269215733,3.678484772979691,4.640952032881489
clausius,4.74,472.4462966410264,1.7259869725268282,249.81685380942588,0.7021778417266187,4.388611510791367,810.7885711476113,1567.8216566538779,290.10817522147056,297.9850071802972,424.4354691290192,0.1900630763171568,0.2949966285003474,0.20714009591700308,0.49503774580961557,3.720035328750082,4.6696549885661796
clausius,4.74,472.4462966410264,1.7259869725268282,249.81685380942588,0.7079320863309353,4.4245755395683455,819.8172272675886,1570.2524243640873,291.82147175536915,297.61946493064033,420.4252823191052,0.18953606459239744,0.3004124224734026,0.21267159300132626,0.49526049332960903,3.760910547332179,4.698093517208026
clausius,4.74,472.4462966410264,1.7259869725268282,249.81685380942588,0.7136863309352518,4.4605395683453235,828.8598042282354,1572.6612160119332,293.533325621904,297.4710198258579,416.79725981575353,0.18915136762907284,0.3057503345791689,0.2182098344680327,0.49547649646721914,3.8011336096054804,4.726273876868994
clausius,4.74,472.4462966410264,1.7259869725268282,249.81685380942588,0.7194405755395684,4.496503597122302,837.9161819008978,1575.0501088155,295.2449137769161,297.5160512528364,413.50905068576986,0.18889307050464588,0.3110120540298382,0.22375469115097016,0.4956858843885983,3.8407297679403314,4.754199460112523
clausius,4.74,472.4462966410264,1.7259869725268282,249.81685380942588,0.7251948201438849,4.53246762589928,846.986251408595,1577.4209502939455,296.9572858871424,297.7337501324681,410.52316951805557,0.18874717625437062,0.31619864003999376,0.22930561589354428,0.49588920425034066,3.8797198001889828,4.78187617772101
clausius,4.74,472.4462966410264,1.7259869725268282,249.81685380942588,0.7309490647482015,4.568431654676259,856.0699138848274,1579.7753845630634,298.6713794273615,298.1057673621455,407.8064049153,0.1887013624057676,0.32131140439353045,0.23486227053438227,0.4960867942138193,3.9181246686967244,4.809308747973223
clausius,4.74,472.4462966410264,1.7259869725268282,249.81685380942588,0.736703309352518,4.604395683453237,865.1670793739032,1582.114875437536,300.38803289386095,298.60416157754196,405.32930109461427,0.18873734531758482,0.3263517932199436,0.24042444607826113,0.4962788632742569,3.9559649692149645,4.836501174577582
clausius,4.74,472.4462966410264,1.7259869725268282,249.81685380942588,0.7424575539568344,4.640359712230215,874.2776658556179,1584.4447655862534,302.1078621985295,299.2044857373704,404.46948534726613,0.18883869746425846,0.3313214893083042,0.245992142525179,0.49646541143165546,3.99326149256304,4.863456298415285
clausius,4.74,472.4462966410264,1.7259869725268282,249.81685380942588,0.748211798561151,4.676323741007194,883.4016448603277,1586.761650355288,303.83142448914407,299.9376659811295,400.80902760017705,0.18902502837396604,0.336220940435506,0.25156447455717157,0.4966473240039795,4.0300280470990035,4.890182026704341
clausius,4.74,472.4462966410264,1.7259869725268282,249.81685380942588,0.7539660431654676,4.712287769784172,892.5388951854046,1589.0623833232194,305.55969159073595,300.79943987806723,398.8556116838176,0.18929366337966094,0.34105158360779636,0.25714131300808685,0.4968247301573807,4.066282565047742,4.916681919226545
clausius,4.74,472.4462966410264,1.7259869725268282,249.81685380942588,0.7597202877697842,4.748251798561151,901.6893521506478,1591.3523539582977,307.2931715969437,301.7422916308783,397.0683688019415,0.18961375265530014,0.3458148772360612,0.262722578048853,0.49699770972093116,4.102042310906191,4.942959266351558
clausius,4.74,472.4462966410264,1.7259869725268282,249.81685380942588,0.7654745323741007,4.784215827338129,910.8529565780666,1593.6324637884386,309.03228949775814,302.7535508811342,395.4282965051032,0.18997702278316914,0.3505126131924169,0.2683084786746894,0.4971660536994113,4.137325433423224,4.969015752107454
clausius,4.74,472.4462966410264,1.7259869725268282,249.81685380942588,0.7712287769784173,4.820179856115108,920.0296541626844,1595.903511272699,310.7774075701346,303.8263348934271,393.91857364941075,0.19037888741226722,0.3551449434687611,0.27389800040148177,0.49733077657693553,4.1721415528113495,4.994859879655284
clausius,4.74,472.4462966410264,1.7259869725268282,249.81685380942588,0.7769830215827338,4.856143884892086,929.2193949155682,1598.1662035957743,312.5288715941777,304.96617321087865,392.524297193406,0.19082256433950598,0.35971365370661257,0.27949140156152896,0.49749162002120484,4.206507573578146,5.0204930063533295
clausius,4.74,472.4462966410264,1.7259869725268282,249.81685380942588,0.7827372661870504,4.892107913669065,938.4221326703686,1600.4211670468653,314.2871074835301,306.2014738500842,391.2322533708702,0.19132555864347528,0.36421998198377925,0.28508855298868013,0.4976487131983703,4.240437202757954,5.0459186420657804
clausius,4.74,472.4462966410264,1.7259869725268282,249.81685380942588,0.7884915107913669,4.928071942446043,947.637824645795,1602.668956160763,316.05278795164895,307.5869802819385,390.0307162970795,0.1919217185180722,0.368664865180113,0.2906891165215629,0.49780239426980405,4.273942222432064,5.071141411484808
clausius,4.74,472.4462966410264,1.7259869725268282,249.81685380942588,0.7942457553956834,4.964035971223021,956.8664310573558,1604.9100617743443,317.8269689268208,309.1252203820886,388.90927242562964,0.19261217668504632,0.3730493756524343,0.2962928831649557,0.4979528722307277,4.307034598716771,5.096165183967451
clausius,4.74,472.4462966410264,1.7259869725268282,249.81685380942588,0.8,5.0,966.1079147725518,1607.1479408567527,319.61035221453255,310.72444203021513,388.9092724256221,0.19333904124879217,0.3773750773925979,0.30190006191407837,0.4980999380859217,4.339728144644759,5.120991529442975
