model,parameter_value,a,b,K0,n,n_over_n0,eps,mu_b,P,dP_dn,d2eps_dn2,vs2,quark_fraction,n_q,n_n,k_bu,k_f,label,target_k0,energy_per_baryon_minus_mn
clausius,4.735852815975205,472.32750755212857,1.7273710702693807,250.00000132258117,0.00016,0.001,0.14942880944321976,939.3043309729113,0.0010594344575779267,-0.20491643588497122,-441.0435451939996,-0.00021815766107745202,0.27627257788118487,4.420361246098958e-05,0.00011579638753901043,0.06223798223710615,0.12505539370856614,k0_250,250.0,-4.0699409798766055
clausius,4.735852815975205,472.32750755212857,1.7273710702693807,250.00000132258117,0.005914244604316546,0.036964028776978415,5.547113918357522,936.76645853271,-0.007087577947624644,-2.6267367055512096,-441.04354519401716,-0.0028040464959276606,0.0,0.0,0.005914244604316546,0.0,0.44557070873566224,k0_250,250.0,-0.07566824190394073
clausius,4.735852815975205,472.32750755212857,1.7273710702693807,250.00000132258117,0.011668489208633092,0.07292805755395683,10.930195488476352,934.2947223206528,-0.029170336572178608,-4.831697208569093,-418.0566085266044,-0.005171491493142396,0.0,0.0,0.011668489208633092,0.0,0.5607245063675741,k0_250,250.0,-1.2724345848049552
clausius,4.735852815975205,472.32750755212857,1.7273710702693807,250.00000132258117,0.01742273381294964,0.10889208633093525,16.299434647867606,931.9701168835791,-0.06269311313182468,-6.652287270577346,-389.9053732529095,-0.007137876150816909,0.0,0.0,0.01742273381294964,0.0,0.6430717740756434,k0_250,250.0,-2.473186420786078
clausius,4.735852815975205,472.32750755212857,1.7273710702693807,250.00000132258117,0.023176978417266184,0.14485611510791366,21.655763521399543,929.8144998042136,-0.10572811283834527,-8.141089286904112,-359.3214071827246,-0.008755605863985064,0.0,0.0,0.023176978417266184,0.0,0.7096826322473652,k0_250,250.0,-3.634737560672761
clausius,4.735852815975205,472.32750755212857,1.7273710702693807,250.00000132258117,0.02893122302158273,0.18082014388489207,27.000194784894973,927.8372821092536,-0.15638475133667912,-9.294453954228615,-327.8991859342876,-0.010017331846268908,0.0,0.0,0.02893122302158273,0.0,0.7667861292107844,k0_250,250.0,-4.745475476346428
clausius,4.735852815975205,472.32750755212857,1.7273710702693807,250.00000132258117,0.03468546762589928,0.2167841726618705,32.33376886992135,926.0405965665645,-0.2126932358707225,-10.105890955167064,-296.57393477430696,-0.010913010717495735,0.0,0.0,0.03468546762589928,0.0,0.817442276475334,k0_250,250.0,-5.80069340111595
clausius,4.735852815975205,472.32750755212857,1.7273710702693807,250.00000132258117,0.04043971223021583,0.2527482014388489,37.657522997237436,924.4223254351269,-0.2726882883378421,-10.583446779789767,-265.8877757426557,-0.011448713957452427,0.0,0.0,0.04043971223021583,0.0,0.863407943513509,k0_250,250.0,-6.7984429053278745
clausius,4.735852815975205,472.32750755212857,1.7273710702693807,250.00000132258117,0.04619395683453237,0.2887122302158273,42.97247322641101,922.9779206909914,-0.3344927189260756,-10.7462436516721,-236.14327905539054,-0.01164301269918448,0.0,0.0,0.04619395683453237,0.0,0.9057959734810777,k0_250,250.0,-7.7382044941673485
clausius,4.735852815975205,472.32750755212857,1.7273710702693807,250.00000132258117,0.051948201438848915,0.3246762589928057,48.279604437316316,921.7015198570483,-0.39636131743645225,-10.61826416028724,-207.49473834313366,-0.011520284963763632,0.0,0.0,0.051948201438848915,0.0,0.945361048977859,k0_250,250.0,-8.620289055649096
clausius,4.735852815975205,472.32750755212857,1.7273710702693807,250.00000132258117,0.05770244604316546,0.36064028776978413,53.57986522126657,920.5770796307554,-0.45669289742915686,-10.288548070258695,-183.32640452221332,-0.011176194039488193,0.0,0.0,0.05770244604316546,0.0,0.9826414296614456,k0_250,250.0,-9.44551235860797
clausius,4.735852815975205,472.32750755212857,1.7273710702693807,250.00000132258117,0.06345669064748201,0.39660431654676254,58.87405582396183,919.5937282315488,-0.5147669618755273,-9.707908747429585,-158.45656329566754,-0.010556736577682689,0.0,0.0,0.06345669064748201,0.0,1.018036256553807,k0_250,250.0,-10.21673202244142
clausius,4.735852815975205,472.32750755212857,1.7273710702693807,250.00000132258117,0.06921093525179856,0.43256834532374094,64.16299971894603,918.7705594678824,-0.5684162604873451,-8.822603324108732,-127.65180375177975,-0.009602618665990402,0.0,0.0,0.06921093525179856,0.0,1.0518508512379836,k0_250,250.0,-10.935519719354602
clausius,4.735852815975205,472.32750755212857,1.7273710702693807,250.00000132258117,0.0749651798561151,0.4685323741007194,69.44771689280775,918.1107956263378,-0.6163017970230831,-7.715633168072408,-101.66199394452181,-0.00840381488250422,0.0,0.0,0.0749651798561151,0.0,1.0843247945133996,k0_250,250.0,-11.600343171287477
clausius,4.735852815975205,472.32750755212857,1.7273710702693807,250.00000132258117,0.08071942446043165,0.5044964028776978,74.72906790274128,917.5947103995862,-0.6572115415398779,-6.406645200490648,-77.71349745032222,-0.006981998836611359,0.0,0.0,0.08071942446043165,0.0,1.1156501370438254,k0_250,250.0,-12.212082131814782
clausius,4.735852815975205,472.32750755212857,1.7273710702693807,250.00000132258117,0.08647366906474818,0.5404604316546762,80.00784571534018,917.2123491923911,-0.6900326041764706,-4.911145140298849,-55.183601469390524,-0.005354425444253047,0.0,0.0,0.08647366906474818,0.0,1.1459836592199373,k0_250,250.0,-12.772163819793946
clausius,4.735852815975205,472.32750755212857,1.7273710702693807,250.00000132258117,0.09222791366906474,0.5764244604316546,85.28479632544692,916.956368256684,-0.7137314023890381,-3.241582563637617,-33.787567921918125,-0.0035351546440541212,0.0,0.0,0.09222791366906474,0.0,1.1754553876218001,k0_250,250.0,-13.2821685691747
clausius,4.735852815975205,472.32750755212857,1.7273710702693807,250.00000132258117,0.0979821582733813,0.6123884892086331,90.56062818420965,916.8207571537548,-0.7273383221289874,-1.4079683687162732,-13.346717203784621,-0.0015357073427168827,0.0,0.0,0.0979821582733813,0.0,1.204174671357483,k0_250,250.0,-13.743688646505916
clausius,4.735852815975205,472.32750755212857,1.7273710702693807,250.00000132258117,0.10373640287769784,0.6483525179856114,95.83601811540173,916.8004056000245,-0.7299349911665061,0.5817534208260621,6.273137566215953,0.0006345475168559922,0.0,0.0,0.10373640287769784,0.0,1.2322346187208024,k0_250,250.0,-14.15826790919698
clausius,4.735852815975205,472.32750755212857,1.7273710702693807,250.00000132258117,0.10949064748201438,0.6843165467625899,101.11161575852796,916.8909095969035,-0.7206432191633253,2.721468668637757,25.18329263563804,0.0029681488169996223,0.0,0.0,0.10949064748201438,0.0,1.259715402704775,k0_250,250.0,-14.527373946371199
clausius,4.735852815975205,472.32750755212857,1.7273710702693807,250.00000132258117,0.11524489208633093,0.7202805755395683,106.38804725399147,917.0884658056619,-0.6986149983618554,5.002422852181379,43.481222811005445,0.005454678625563949,0.0,0.0,0.11524489208633093,0.0,1.2866867680839607,k0_250,250.0,-14.85238514262926
clausius,4.735852815975205,472.32750755212857,1.7273710702693807,250.00000132258117,0.12099913669064748,0.7562446043165467,111.6659184706143,917.3898046669473,-0.6630728897519763,7.413130598598572,61.25497872595856,0.008080676895346427,0.0,0.0,0.12099913669064748,0.0,1.313209963423339,k0_250,250.0,-15.134585215223069
clausius,4.735852815975205,472.32750755212857,1.7273710702693807,250.00000132258117,0.12675338129496402,0.7922086330935252,116.94581792111106,917.7921431705333,-0.6133010648656959,9.957396425476821,78.58561938942715,0.01084929360048646,0.0,0.0,0.12675338129496402,0.0,1.3393392514128044,k0_250,250.0,-15.375161701052207
clausius,4.735852815975205,472.32750755212857,1.7273710702693807,250.00000132258117,0.13250762589928056,0.8281726618705034,122.22831944606061,918.2931490101007,-0.5484783004432947,12.652527332272548,95.5487367318803,0.013778309623579014,0.0,0.0,0.13250762589928056,0.0,1.3651231050406236,k0_250,250.0,-15.57520658496503
clausius,4.735852815975205,472.32750755212857,1.7273710702693807,250.00000132258117,0.13826187050359712,0.864136690647482,127.5139847168555,918.8909122016266,-0.467689590600302,15.506096772963097,112.21552517572681,0.016874796090660095,0.0,0.0,0.13826187050359712,0.0,1.390605166345495,k0_250,250.0,-15.735718080437778
clausius,4.735852815975205,472.32750755212857,1.7273710702693807,250.00000132258117,0.14401611510791365,0.9001007194244603,132.80336559304405,919.583922149568,-0.37002655306362847,18.51960001557534,128.65360556008204,0.020139108100416716,0.0,0.0,0.14401611510791365,0.0,1.4158250234317722,k0_250,250.0,-15.857602994412787
clausius,4.735852815975205,472.32750755212857,1.7273710702693807,250.00000132258117,0.1497703597122302,0.9360647482014388,138.0970063613463,920.3710490452762,-0.25455697367285196,21.698095506994882,144.92770696098586,0.023575378136353655,0.0,0.0,0.1497703597122302,0.0,1.440818846764836,k0_250,250.0,-15.941679337040796
clausius,4.735852815975205,472.32750755212857,1.7273710702693807,250.00000132258117,0.15552460431654674,0.9720287769784172,143.39544587891993,921.2515289363105,-0.12031425507348763,25.048232466329896,161.10026076623143,0.027189352396788883,0.0,0.0,0.15552460431654674,0.0,1.465619915377482,k0_250,250.0,-15.988678967732653
clausius,4.735852815975205,472.32750755212857,1.7273710702693807,250.00000132258117,0.16127884892086328,1.0079928057553955,148.69921964054654,922.2249523961799,0.033710339361238066,28.57794872942428,177.23205800290367,0.030988045438557422,0.0,0.0,0.16127884892086328,0.0,1.4902590561538032,k0_250,250.0,-15.999250146492159
clausius,4.735852815975205,472.32750755212857,1.7273710702693807,250.00000132258117,0.16703309352517984,1.043956834532374,154.00886179150353,923.2912609161399,0.20857475948396148,32.29640257880139,193.38427594999226,0.03497964720986868,0.0,0.0,0.16703309352517984,0.0,1.5147650139193234,k0_250,250.0,-15.973959883063117
clausius,4.735852815975205,472.32750755212857,1.7273710702693807,250.00000132258117,0.17278733812949637,1.0799208633093522,159.32490715322518,924.4507429941215,0.4053931399170439,36.21397578320341,209.61634627225703,0.03917350497865703,0.0,0.0,0.17278733812949637,0.0,1.5391647660556225,k0_250,250.0,-15.913295742664332
clausius,4.735852815975205,472.32750755212857,1.7273710702693807,250.00000132258117,0.1785415827338129,1.1158848920863307,164.6478931911642,925.7040228898436,0.6253429089866571,40.342309714948776,225.98553786879293,0.043580138702442914,0.0,0.0,0.1785415827338129,0.0,1.5634837923662335,k0_250,250.0,-15.81766762627376
clausius,4.735852815975205,472.32750755212857,1.7273710702693807,250.00000132258117,0.18429582733812946,1.1518489208633091,169.9783619110412,927.0520542908482,0.8696721759228659,44.69436315540631,242.54908090484057,0.04821127675467525,0.0,0.0,0.18429582733812946,0.0,1.5877463086662988,k0_250,250.0,-15.687409605969378
clausius,4.735852815975205,472.32750755212857,1.7273710702693807,250.00000132258117,0.19005007194244602,1.1878129496402876,175.3168617538116,928.4961215411076,1.1397075050473804,49.2844882060092,259.3646713107496,0.053079907457456416,0.0,0.0,0.19005007194244602,0.0,1.6119754708538727,k0_250,250.0,-15.522781433601267
clausius,4.735852815975205,472.32750755212857,1.7273710702693807,250.00000132258117,0.19580431654676259,1.223776978417266,180.66394950605473,930.0378435229518,1.4368621765947291,54.128523570968504,276.49088849049485,0.058200345231040805,0.0,0.0,0.19580431654676259,0.0,1.6361935549058575,k0_250,250.0,-15.3239697046821
clausius,4.735852815975205,472.32750755212857,1.7273710702693807,250.00000132258117,0.2015585611510791,1.2597410071942443,186.02019223961585,931.6791800647612,1.762645034443112,59.24390568282854,293.9876554970861,0.06358831124541227,0.0,0.0,0.2015585611510791,0.0,1.6604221172258757,k0_250,250.0,-15.091088677778316
clausius,4.735852815975205,472.32750755212857,1.7273710702693807,250.00000132258117,0.20731280575539565,1.2957050359712228,191.38616929573814,933.4224409675538,2.1186700258228366,64.64979882451543,311.9166890938455,0.06926102907650437,0.0,0.0,0.20731280575539565,0.0,1.6846821389821234,k0_250,250.0,-14.824180742838621
clausius,4.735852815975205,472.32750755212857,1.7273710702693807,250.00000132258117,0.2130670503597122,1.3316690647482012,196.76247432858693,935.2702977490607,2.50666654655535,70.36724594793111,330.3419942156235,0.07523733632649919,0.0,0.0,0.2130670503597122,0.0,1.7089941574570504,k0_250,250.0,-14.523216534884
clausius,4.735852815975205,472.32750755212857,1.7273710702693807,250.00000132258117,0.21882129496402875,1.3676330935251797,202.14971742453827,937.2257982092399,2.9284907164558325,76.41934343970604,349.33035016476674,0.08153781467147053,0.0,0.0,0.21882129496402875,0.0,1.7333783869482895,k0_250,250.0,-14.188094683522763
clausius,4.735852815975205,472.32750755212857,1.7273710702693807,250.00000132258117,0.22457553956834528,1.403597122302158,207.54852731333048,939.2923839478943,3.386137735862031,82.83145981361781,368.95185045855465,0.08818495841036517,8.542044038004819e-07,1.9183341488514992e-07,0.2245753477349304,0.004100259984757146,1.7578540210711338,k0_250,250.0,-13.818641191922666
clausius,4.735852815975205,472.32750755212857,1.7273710702693807,250.00000132258117,0.23032978417266184,1.4395611510791364,212.95955368895386,941.473911069857,3.881755677856179,89.631498512305,389.28047088775804,0.09520337999642603,5.326876728779486e-06,1.226938367254154e-06,0.23032855723429457,0.010369554702214453,1.7824382512775032,k0_250,250.0,-13.414608432432487
clausius,4.735852815975205,472.32750755212857,1.7273710702693807,250.00000132258117,0.23608402877697837,1.4755251798561149,218.38346965908752,943.7746742898215,4.417660869244506,96.8501595231071,410.39468308069894,0.10262000259329443,1.3800028797652526e-05,3.257966395788129e-06,0.2360807708105826,0.01689744293285493,1.8071504162095036,k0_250,250.0,-12.97567374458879
clausius,4.735852815975205,472.32750755212857,1.7273710702693807,250.00000132258117,0.24183827338129493,1.5114892086330933,223.82097434339948,946.1994347055002,4.9963546935822505,104.52120070922962,432.37811592821924,0.11046423922432518,2.627366061041961e-05,6.353976717430018e-06,0.2418319194045775,0.023597658108003877,1.8320102849737787,k0_250,250.0,-12.501437617727447
clausius,4.735852815975205,472.32750755212857,1.7273710702693807,250.00000132258117,0.2475925179856115,1.5474532374100718,229.27279564261053,948.7534515679182,5.620541979680052,112.68174225158722,455.3202834403344,0.11876820270363012,4.321996474816568e-05,1.0700939899247707e-05,0.24758181704571225,0.030623499682003442,1.8570373271672322,k0_250,250.0,-11.991421437321378
clausius,4.735852815975205,472.32750755212857,1.7273710702693807,250.00000132258117,0.253346762589928,1.58341726618705,234.73969320242225,951.4425184229514,6.293151308294615,121.37262123613293,479.3173762156468,0.12756695111472652,6.493077227523683e-05,1.6450000948395103e-05,0.2533303125889796,0.03796853706209176,1.8822514267777217,k0_250,250.0,-11.445064769284272
clausius,4.735852815975205,472.32750755212857,1.7273710702693807,250.00000132258117,0.25910100719424456,1.6193812949640285,240.22246159851574,954.2730040377146,7.017357481399596,130.638791147262,504.47313301801773,0.13689876020227323,9.111425212728701e-05,2.3607794495930403e-05,0.2590773993997486,0.045484657176853405,1.907673387668291,k0_250,250.0,-10.861722152920152
clausius,4.735852815975205,472.32750755212857,1.7273710702693807,250.00000132258117,0.2648552517985611,1.655345323741007,245.7219337714802,957.2518986258183,7.796606426441755,140.52977226218738,530.8998109367841,0.1468054254725686,0.00012300662053083214,3.2578949453583604e-05,0.26482267284910754,0.05343196432626469,1.9333229022819998,k0_250,250.0,-10.2406593682839
clausius,4.735852815975205,472.32750755212857,1.7273710702693807,250.00000132258117,0.2706094964028777,1.6913093525179854,251.23898474379453,960.3868659236415,8.63464284897065,151.10016073866956,558.7192488687281,0.15733259803938557,0.0001604275159691334,4.341320930557181e-05,0.2705660831935721,0.06167909254987161,1.9592215916478999,k0_250,250.0,-9.581049137480136
clausius,4.735852815975205,472.32750755212857,1.7273710702693807,250.00000132258117,0.27636374100719424,1.7272733812949639,256.7745356540754,963.6863017334339,9.535540995725464,162.41020584723282,588.0640516926551,0.16853015919713388,0.00020402949254001463,5.6386353834157875e-05,0.2763073546533601,0.07029223676483451,1.9853908311265642,k0_250,250.0,-8.881966214985141
clausius,4.735852815975205,472.32750755212857,1.7273710702693807,250.00000132258117,0.28211798561151075,1.7632374100719421,262.32955814780127,967.1593991245978,10.503738950335404,174.52646756113106,619.078720291196,0.18045264071165487,0.00025439621237216797,7.176974698163411e-05,0.2820462158645291,0.07930181982480655,2.0118527472879997,k0_250,250.0,-8.142381815241833
clausius,4.735852815975205,472.32750755212857,1.7273710702693807,250.00000132258117,0.2878722302158273,1.7992014388489206,267.9050791619289,970.8162134728178,11.54407696427359,187.52257116190674,651.9184651539641,0.1931597026908917,0.0003121802295634172,8.986801891370986e-05,0.2877823621969136,0.08873720074467137,2.038630171310893,k0_250,250.0,-7.361157340283853
clausius,4.735852815975205,472.32750755212857,1.7273710702693807,250.00000132258117,0.29362647482014387,1.835165467625899,273.50218606411926,974.6677331658626,12.661840436927344,201.48008222534864,686.752362344612,0.20671668443451185,0.00037796520624245456,0.00011098059111364056,0.2935154942290302,0.09860882961608264,2.0657468866891415,k0_250,250.0,-6.537037637193407
clausius,4.735852815975205,472.32750755212857,1.7273710702693807,250.00000132258117,0.29938071942446043,1.8711294964028777,279.1220322510711,978.7259686660134,13.862808316318528,216.4895357368298,723.7665777441721,0.2211952504253068,0.00045298735863579594,0.00013561568131857066,0.29924510374314184,0.10900202883281386,2.093226935691906,k0_250,250.0,-5.668643499605764
clausius,4.735852815975205,472.32750755212857,1.7273710702693807,250.00000132258117,0.30513496402877693,1.9070935251798558,284.765843312721,983.004053174627,15.153307922736632,232.65166859928388,763.1651753496606,0.23667417021113157,0.0005375385178077875,0.0001640217962953613,0.30497094223248156,0.11987146502424038,2.121096486948175,k0_250,250.0,-4.754463163175615
clausius,4.735852815975205,472.32750755212857,1.7273710702693807,250.00000132258117,0.3108892086330935,1.9430575539568342,290.4349237890739,987.5163512212492,16.540277533763863,250.0789263963249,805.172063300969,0.25324028922362185,0.0006335074540827692,0.00019695063106295793,0.31069225800203054,0.1313490106731887,2.1493811015332387,k0_250,250.0,-3.79284283926188
clausius,4.735852815975205,472.32750755212857,1.7273710702693807,250.00000132258117,0.31664345323741006,1.979021582733813,296.1306645840995,992.2785791537781,18.031338548475293,268.89734111739534,850.03318430229,0.2709897671546158,0.0007424222147516027,0.00023508313383911354,0.3164083701035709,0.1434958278641878,2.1781080007834475,k0_250,250.0,-2.7819762056809623
clausius,4.735852815975205,472.32750755212857,1.7273710702693807,250.00000132258117,0.3223976978417266,2.014985611510791,301.85455110922294,997.3079386731567,19.634879682243547,289.24889814709843,898.0188590888218,0.2900296758210131,0.0008650468234597196,0.00027888910440871214,0.3221188087373179,0.15628663096628395,2.2073067165607814,k0_250,250.0,-1.7198927598695946
clausius,4.735852815975205,472.32750755212857,1.7273710702693807,250.00000132258117,0.3281519424460431,2.0509496402877696,307.60817223400363,1002.6232642188094,21.36015637141018,311.2945061833285,949.4262570487103,0.3104800350168142,0.0010038537126601512,0.00032941654574110066,0.32782252590030203,0.1698450287104696,2.237006275146765,k0_250,250.0,-0.6044449376295233
clausius,4.735852815975205,472.32750755212857,1.7273710702693807,250.00000132258117,0.3339061870503597,2.086913669064748,313.39323012580957,1008.2451846958136,23.217409147361142,335.21760919231104,1004.5819103454065,0.33247628084972786,0.0011603709296437604,0.0003874550326814292,0.33351873201767823,0.1841878726359794,2.2672384604634606,k0_250,250.0,0.5667060986313572
clausius,4.735852815975205,472.32750755212857,1.7273710702693807,250.00000132258117,0.33966043165467624,2.1228776978417265,319.2115510617317,1014.1962993478626,25.218004609343687,361.22826790888104,1063.8441164452897,0.3561719443673321,0.0013378349305090092,0.00045440958997939386,0.33920602206469685,0.19945265266701456,2.298034665791541,k0_250,250.0,1.796106089465411
clausius,4.735852815975205,472.32750755212857,1.7273710702693807,250.00000132258117,0.34541467625899275,2.1588417266187045,325.06509729229003,1020.501366122787,27.374600770443713,389.5671028835322,1127.6048776397295,0.3817408930706511,0.0015385377861921918,0.0005314335313298034,0.34488324272766296,0.21567564856766863,2.3294292912489345,k0_250,250.0,3.086524790728504
clausius,4.735852815975205,472.32750755212857,1.7273710702693807,250.00000132258117,0.3511689208633093,2.194805755395683,330.9559800211511,1027.1874983197854,29.701333408917264,420.5078423954569,1196.2908399625067,0.40937788191863667,0.001766368506889594,0.0006202937224113537,0.35054862714089796,0.23298602448298128,2.361456591248357,k0_250,250.0,4.4409745815006545
clausius,4.735852815975205,472.32750755212857,1.7273710702693807,250.00000132258117,0.35692316546762587,2.2307697841726615,336.88647353194614,1034.2843607703132,32.21401073679743,454.35646737145834,1270.3621922005768,0.43929550189955807,0.00202532757234511,0.0007228863282302787,0.3562002791393956,0.25148596417751384,2.3941526118398815,k0_250,250.0,5.8627304859058995
clausius,4.735852815975205,472.32750755212857,1.7273710702693807,250.00000132258117,0.3626774100719424,2.26673381294964,342.8590304257342,1041.8243490598213,34.930289910534334,491.44427234835285,1350.3078724164193,0.47171509553587354,0.0023197072933669807,0.000841305433283332,0.36183610463865906,0.27126586051293006,2.4275550337813065,k0_250,250.0,7.355351351282366
clausius,4.735852815975205,472.32750755212857,1.7273710702693807,250.00000132258117,0.36843165467625894,2.3026978417266184,348.87629781039226,1049.8427227069228,37.869791841762975,532.1119935044806,1436.6343583992714,0.5068492470305255,0.0026553969200234406,0.0009783322810664778,0.36745332239519246,0.2924769358588122,2.461701304792124,k0_250,250.0,8.922701625488799
clausius,4.735852815975205,472.32750755212857,1.7273710702693807,250.00000132258117,0.3741858992805755,2.338661870503597,354.94113407076884,1058.3776434981,41.05409504556491,576.6829029928508,1529.8439121889198,0.5448744184418197,0.0030385086414779364,0.0011369670884832214,0.3730489321920923,0.3152402205702804,2.4966304648405315,k0_250,250.0,10.568972676930343
clausius,4.735852815975205,472.32750755212857,1.7273710702693807,250.00000132258117,0.37994014388489206,2.3746258992805753,361.0566254992487,1067.470041628847,44.50654080765942,625.4244497906803,1630.3964863253445,0.5858941472833733,0.003477605790557709,0.0013212820444394298,0.3786188618404526,0.3397596307136793,2.532379630661352,k0_250,250.0,12.298701809818795
clausius,4.735852815975205,472.32750755212857,1.7273710702693807,250.00000132258117,0.3856943884892086,2.410589928057554,367.2261015253936,1077.163194671641,48.25178557679626,678.5002989162921,1738.6480049438196,0.6298955462576161,0.003980689326750551,0.0015353295356465733,0.38415905895356206,0.36615608333144145,2.568988220871725,k0_250,250.0,14.11678594506759
clausius,4.735852815975205,472.32750755212857,1.7273710702693807,250.00000132258117,0.3914486330935252,2.4465539568345323,373.45314650106405,1087.5018622013745,52.315054175791914,735.9168902069458,1854.757642764462,0.6767040276301384,0.004559919762015642,0.001784974357857176,0.389663658735668,0.39468909394036966,2.6064900510677544,k0_250,250.0,16.02848529512778
clausius,4.735852815975205,472.32750755212857,1.7273710702693807,250.00000132258117,0.3972028776978416,2.4825179856115103,379.7416049709064,1098.5307850469253,56.72107716619366,797.4702950103272,1978.5597095349758,0.7259426006675471,0.005227882197713359,0.002076529853197063,0.39512634784464457,0.4255602964169142,2.6449183426158287,k0_250,250.0,18.03941031812394
clausius,4.735852815975205,472.32750755212857,1.7273710702693807,250.00000132258117,0.4029571223021582,2.5184820143884887,386.09557618612774,1110.2923560733018,61.49273246012365,862.6998423631115,2109.403814839424,0.777002415304529,0.005999050505528413,0.0024173601282530366,0.40053976217390513,0.4589773422733562,2.68430244150818,k0_250,250.0,20.155483095328464
clausius,4.735852815975205,472.32750755212857,1.7273710702693807,250.00000132258117,0.40871136690647475,2.554446043165467,392.51939256920383,1122.8233301174712,66.64944899231902,930.8547028055516,2245.980742420889,0.8290304252122767,0.006892259759922893,0.0028169449075525774,0.4058944219989222,0.4952328990958277,2.7246618628508306,k0_250,250.0,22.382862703752153
clausius,4.735852815975205,472.32750755212857,1.7273710702693807,250.00000132258117,0.4144656115107913,2.5904100719424457,399.01757636398617,1136.1505885589152,72.20546376216673,1000.8785899568434,2386.1679957285223,0.8809383193000412,0.007927735298711481,0.0032857736584761396,0.41117983785231516,0.5345707365125717,2.7660094400793307,k0_250,250.0,24.727824172204123
clausius,4.735852815975205,472.32750755212857,1.7273710702693807,250.00000132258117,0.42021985611510787,2.626374100719424,405.5947693570163,1150.2862039752172,78.16804944398929,1071.4162799478315,2526.940983232183,0.9314345214653336,0.009131145831586668,0.0038370887875154164,0.41638276732759244,0.5773159401753798,2.808341117955476,k0_250,250.0,27.196583299753797
clausius,4.735852815975205,472.32750755212857,1.7273710702693807,250.00000132258117,0.42597410071942443,2.6623381294964026,412.2556327292745,1165.2223109552615,84.53584645790019,1140.8440170096055,2664.3944594217237,0.9790784181555274,0.010529911054627021,0.004485469392150271,0.42148863132727415,0.6237298510340732,2.8516395092879248,k0_250,250.0,29.795065552152323
clausius,4.735852815975205,472.32750755212857,1.7273710702693807,250.00000132258117,0.431728345323741,2.698302158273381,419.00471774830345,1180.926490278364,91.297440502478,1207.3242086163739,2793.899514151138,1.0223533967230996,0.012156326636848035,0.005248230784141319,0.42648011453959966,0.6741012168474954,2.8958637001339382,k0_250,250.0,32.52862589808308
clausius,4.735852815975205,472.32750755212857,1.7273710702693807,250.00000132258117,0.43748258992805755,2.7342661870503595,425.84631249883205,1197.3384270869994,98.43032408408325,1268.883130752549,2910.3893846274195,1.0597531174536932,0.01404617395684955,0.006144956561222573,0.431337633366835,0.7286885545749836,2.940947039107622,k0_250,250.0,35.40173598419301
clausius,4.735852815975205,472.32750755212857,1.7273710702693807,250.00000132258117,0.44323683453237406,2.770230215827338,432.78427411551587,1214.3684738076238,105.90036831976025,1323.5085926949707,3008.7356757996617,1.0898739725555793,0.016236693548553113,0.0071967006517329015,0.43604013388064117,0.7876666930911995,2.986796509356673,k0_250,250.0,38.41766296818287
clausius,4.735852815975205,472.32750755212857,1.7273710702693807,250.00000132258117,0.44899107913669056,2.806194244604316,439.8218589749512,1231.8984748793735,113.66190844064639,1369.2625602781325,3084.158275425688,1.1115060114123525,0.018767375439238124,0.008426384151026948,0.44056469498566364,0.8511580204305234,3.0332859202478377,k0_250,250.0,41.57816850310326
clausius,4.735852815975205,472.32750755212857,1.7273710702693807,250.00000132258117,0.4547453237410071,2.8421582733812945,446.9615644197967,1249.7848830112284,121.65851171850642,1404.4015925789467,3132.611904431904,1.1237146581539579,0.021677057102086124,0.009857540349640452,0.4448877833913667,0.9191787577640258,3.080258092363209,k0_250,250.0,44.88325593504385
clausius,4.735852815975205,472.32750755212857,1.7273710702693807,250.00000132258117,0.4604995683453237,2.878122302158273,454.20499481419876,1267.8639076193651,129.82444901342836,1427.4957840335094,3151.105890454622,1.1259061603180114,0.024999854084467827,0.011512422014593512,0.44898714633073017,0.9915867787873713,3.12753242189094,k0_250,250.0,48.33098929116761
clausius,4.735852815975205,472.32750755212857,1.7273710702693807,250.00000132258117,0.46625381294964025,2.9140863309352514,461.55276251864956,1285.9582396777203,138.08683154442534,1437.5351736481264,3137.932307463287,1.1178708058267846,0.02876201875820441,0.013410400914141883,0.4528434120354984,1.0680731189677848,3.1749135869831853,k0_250,250.0,51.917400565047046
clausius,4.735852815975205,472.32750755212857,1.7273710702693807,250.00000132258117,0.4720080575539568,2.95005035971223,469.00443133828264,1303.8848005534082,146.36830704638837,1434.0119873167416,3092.793742046022,1.0997996040049731,0.03298130402865753,0.015567441250163131,0.4564406163037937,1.1482077006995877,3.2221967881944815,k0_250,250.0,55.63649376826413
clausius,4.735852815975205,472.32750755212857,1.7273710702693807,250.00000132258117,0.4777623021582733,2.9860143884892083,476.55850667511913,1321.4629416084415,154.5901430255105,1416.968339948083,3016.832199766432,1.0722724757028717,0.03766009717312327,0.017992574724935654,0.45976972743333766,1.2313770961735824,3.2691939692434477,k0_250,250.0,59.480346444840734
clausius,4.735852815975205,472.32750755212857,1.7273710702693807,250.00000132258117,0.48351654676258987,3.0219784172661868,484.2124733413919,1338.5225423735073,162.6754718956556,1387.0024741227292,2912.564945525231,1.036218987887388,0.042789177279075136,0.02068927523679068,0.46282727152579917,1.3169074714874758,3.315733411599349,k0_250,250.0,63.439302508800665
clausius,4.735852815975205,472.32750755212857,1.7273710702693807,250.00000132258117,0.48927079136690643,3.0579424460431652,491.9628789095368,1354.9114904917465,170.55244603129938,1345.2318301614457,2783.7337853090435,0.9928558725804387,0.04834263643453761,0.02365263998508886,0.46561815138181756,1.4040250318962295,3.3616862809049004,k0_250,250.0,67.50224454459942
clausius,4.735852815975205,472.32750755212857,1.7273710702693807,250.00000132258117,0.495025035971223,3.0939064748201437,499.8054576083692,1370.502063875506,178.15705789617837,1293.217041372851,2635.0742271453805,0.9436082407026017,0.05428666718639214,0.02687325937670158,0.4681517765945214,1.4920112708666562,3.406951188655954,k0_250,250.0,71.65692902333149
clausius,4.735852815975205,472.32750755212857,1.7273710702693807,250.00000132258117,0.5007792805755394,3.1298705035971213,507.73528712205734,1385.1957776596778,185.43542039635915,1232.855838704649,2472.012730248054,0.8900228101962518,0.060577916811553736,0.030336165599654755,0.4704431149758847,1.580176781045674,3.451468192890366,k0_250,250.0,75.89036411115785
clausius,4.735852815975205,472.32750755212857,1.7273710702693807,250.00000132258117,0.5065335251798561,3.1658345323741,515.7469682674097,1398.926322267374,192.3453660117111,1166.2587240886292,2300.305984671674,0.8336813065311129,0.0671674351679335,0.034022557712902794,0.47251096746695326,1.66790565137694,3.495213358925445,k0_250,250.0,80.18920689263791
clausius,4.735852815975205,472.32750755212857,1.7273710702693807,250.00000132258117,0.5122877697841726,3.2017985611510786,523.8348156055442,1411.6603283746033,198.85729633700737,1095.6188454943422,2125.646328053099,0.7761207306546939,0.07400714760663557,0.037912956595491404,0.47437481318868113,1.7547118339806431,3.538181119125887,k0_250,250.0,84.54015516754669
clausius,4.735852815975205,472.32750755212857,1.7273710702693807,250.00000132258117,0.5180420143884892,3.237762589928057,531.9930459227643,1423.395870271184,204.9542836718578,1023.0872555790669,1953.2702643271573,0.7187650863312883,0.08104868764769971,0.041986625412557814,0.47605538897593136,1.8401966572853155,3.580389514275423,k0_250,250.0,88.93030902279861
clausius,4.735852815975205,472.32750755212857,1.7273710702693807,250.00000132258117,0.5237962589928057,3.2737266187050356,540.2159516181731,1434.1588627758433,210.63148497732914,950.6624856178091,1787.6178086564983,0.6628711158105475,0.08824791223000483,0.04622392629000199,0.4775723327028037,1.9240740603324369,3.6218643926853473,k0_250,250.0,93.34747975661458
clausius,4.735852815975205,472.32750755212857,1.7273710702693807,250.00000132258117,0.5295505035971223,3.3096906474820145,548.4980477184856,1443.9977863552724,215.8949726286427,880.100854266456,1632.092077172295,0.6094890605669678,0.09556481655611201,0.05060639673345573,0.47894410686366656,2.0061444953662093,3.6626379843728265,k0_250,250.0,97.78042885929995
clausius,4.735852815975205,472.32750755212857,1.7273710702693807,250.00000132258117,0.5353047482014388,3.3456546762589925,556.8341845597329,1452.9774216201222,220.76011616116344,812.8515824511253,1488.9553868509465,0.5594385503559762,0.10296397997045492,0.05511710737190236,0.48018764082953647,2.08628030315989,3.7027451543937433,k0_250,250.0,102.2190274430227
clausius,4.735852815975205,472.32750755212857,1.7273710702693807,250.00000132258117,0.5410589928057553,3.3816187050359705,565.2196226955882,1461.1724035187142,225.24966629350175,750.0187195673469,1359.3704880896657,0.5132992641807316,0.11041434302024453,0.059740673225842686,0.4813183195799126,2.1644088894954425,3.7422218372911655,k0_250,250.0,106.6543356844395
clausius,4.735852815975205,472.32750755212857,1.7273710702693807,250.00000132258117,0.5468132374100719,3.4175827338129494,573.6500713975805,1468.6613596899276,229.39169850157708,692.3500307997554,1243.5623679782173,0.471415705350843,0.1178893615025953,0.06446346341944044,0.4823497739906315,2.2405032863996794,3.7811020968452542,k0_250,250.0,111.07861066900773
clausius,4.735852815975205,472.32750755212857,1.7273710702693807,250.00000132258117,0.5525674820143884,3.4535467625899274,582.1216961047162,1475.5221841894966,233.21756915155754,640.2512279456137,1141.0510683043183,0.4339150131431628,0.1253677279105922,0.06927412973742089,0.48329335227696757,2.31457984760379,3.819413095856415,k0_250,250.0,115.48525755186984
clausius,4.735852815975205,472.32750755212857,1.7273710702693807,250.00000132258117,0.5583217266187049,3.489510791366906,590.631102531424,1481.8286935584965,236.7600228492032,593.822175386695,1050.8993275073246,0.40073604861887047,0.13283009239961346,0.0741619265354743,0.4841598000832306,2.386664618115485,3.857185411290438,k0_250,250.0,119.8687419319865
clausius,4.735852815975205,472.32750755212857,1.7273710702693807,250.00000132258117,0.5640759712230216,3.525474820143885,599.1753056335771,1487.648622397405,240.05156524884237,552.9100140061076,971.9305099808087,0.3716670762717282,0.1402612596519075,0.07911800626311413,0.4849579649599074,2.4568090246315935,3.8944430413335542,k0_250,250.0,124.22448074583576
clausius,4.735852815975205,472.32750755212857,1.7273710702693807,250.00000132258117,0.5698302158273381,3.561438848920863,607.7516906485224,1493.042719926701,243.1231817787377,517.172710612014,902.8933462158451,0.34638842124852526,0.1476487823500522,0.08413473751317391,0.48569547831416415,2.525075640829814,3.931207175635605,k0_250,250.0,128.54872586236252
clausius,4.735852815975205,472.32750755212857,1.7273710702693807,250.00000132258117,0.5755844604316546,3.597402877697841,616.3579716638816,1498.0646312495583,246.0034418079202,486.1456752934558,842.5699311374988,0.32451582204964974,0.15498168859513495,0.08920505160681746,0.4863794088248371,2.591527500894101,3.967499854388763,k0_250,250.0,132.8384503668658
clausius,4.735852815975205,472.32750755212857,1.7273710702693807,250.00000132258117,0.5813387050359712,3.6333669064748197,624.9921512910929,1502.7612627768708,248.71798403667609,459.3041464213662,789.8360057910409,0.30564012913976973,0.1622520661566883,0.0943234060289399,0.4870152990070313,2.656239779871801,4.003336740262334,k0_250,250.0,137.0912434987804
clausius,4.735852815975205,472.32750755212857,1.7273710702693807,250.00000132258117,0.5870929496402877,3.6693309352517978,633.6524834397011,1507.1733963127049,251.28933862049095,436.1152491522903,743.6871025329182,0.28935970487486373,0.16945231966746716,0.09948426217696223,0.4876086874633255,2.7192793179557153,4.038736882784882,k0_250,250.0,141.30521704943044
clausius,4.735852815975205,472.32750755212857,1.7273710702693807,250.00000132258117,0.5928471942446043,3.7052949640287767,642.3374400580966,1511.3363923162053,253.73701167526556,416.075905129698,703.2433947829978,0.2753033058987212,0.17657714794489915,0.10468326672684786,0.48816392751775645,2.7807195706588907,4.073714230581268,k0_250,250.0,145.47892390138054
clausius,4.735852815975205,472.32750755212857,1.7273710702693807,250.00000132258117,0.5986014388489208,3.741258992805755,651.0456820012867,1515.2808877383245,256.07774368464834,398.7356263071486,667.7429616746404,0.2631430446551021,0.183623379432615,0.10991721913466468,0.48868421971425613,2.840639120581285,4.108277538552534,k0_250,250.0,149.61128816063888
clausius,4.735852815975205,472.32750755212857,1.7273710702693807,250.00000132258117,0.6043556834532374,3.777223021582734,659.7760338026811,1519.0334401604637,258.32585632771895,383.7059025320615,636.5298595779482,0.2525987199409702,0.19058594054969172,0.11518169635748701,0.48917398709575044,2.899094869591218,4.142445843260196,k0_250,250.0,153.70154574004573
clausius,4.735852815975205,472.32750755212857,1.7273710702693807,250.00000132258117,0.6101099280575538,3.813187050359711,668.527461954926,1522.617099032702,260.49361892322736,370.6596695429158,609.0407126393093,0.24343590373337518,0.1974636143132169,0.12047451152262133,0.4896354165349325,2.956161849820368,4.176225131993212,k0_250,250.0,157.74919405648734
clausius,4.735852815975205,472.32750755212857,1.7273710702693807,250.00000132258117,0.6158641726618704,3.84915107913669,677.2990562557791,1526.0519010104279,262.5915891347291,359.32488026498976,584.7917411162415,0.23546045847266003,0.2042536480487192,0.12579250396869332,0.4900716686931771,3.0118974935344496,4.209629415063991,k0_250,250.0,161.75394952490342
clausius,4.735852815975205,472.32750755212857,1.7273710702693807,250.00000132258117,0.6216184172661869,3.885115107913668,686.0900137895186,1529.3552943497525,264.6289054301504,349.47566414245733,563.3670760625645,0.22851175618484815,0.2109555011097258,0.1311338247134231,0.49048459255276383,3.066366957437503,4.242665422733575,k0_250,250.0,165.71571165293176
clausius,4.735852815975205,472.32750755212857,1.7273710702693807,250.00000132258117,0.6273726618705036,3.921079136690647,694.8996251569691,1532.5425004662288,266.61352604419244,340.9234519957959,544.4086045490353,0.22245611582848793,0.21756830481713602,0.13649640653177972,0.4908762553387238,3.1196271041138615,4.275342499529344,k0_250,250.0,169.63453269566253
clausius,4.735852815975205,472.32750755212857,1.7273710702693807,250.00000132258117,0.6331269064748201,3.9570431654676255,703.7272626179058,1535.6268213835936,268.55241929841395,333.50929858837503,527.6073174196342,0.2171812148265843,0.2240910330932464,0.14187806255107363,0.49124884392374646,3.1717284724991694,4.307671725948444,k0_250,250.0,173.5105919857058
clausius,4.735852815975205,472.32750755212857,1.7273710702693807,250.00000132258117,0.6388811510791367,3.9930071942446044,712.5723698593498,1538.6199012728248,270.45171420797556,327.0977801292775,512.6960047577628,0.21259167378420463,0.23052387943481978,0.14727736144454578,0.4916037896345909,3.2227241974255207,4.339660140403814,k0_250,250.0,177.3441741953743
clausius,4.735852815975205,472.32750755212857,1.7273710702693807,250.00000132258117,0.6446353956834533,4.028971223021583,721.4344531478924,1541.531949289077,272.3168205711996,321.57236046165104,499.4431087073576,0.20860570590830352,0.23686683021942584,0.15269274282278492,0.4919426528606684,3.2726616358249734,4.3713163420586625,k0_250,250.0,181.13565091010173
clausius,4.735852815975205,472.32750755212857,1.7273710702693807,250.00000132258117,0.6503896402877698,4.064935251798561,730.3130736625063,1544.3719298607277,274.15252624814315,316.83193092113726,487.64755807465747,0.205152609157892,0.24312078870465242,0.1581232423120978,0.492266397975672,3.321589481348175,4.402645770891907,k0_250,250.0,184.8854649950663
clausius,4.735852815975205,472.32750755212857,1.7273710702693807,250.00000132258117,0.6561438848920864,4.10089928057554,739.2078408368105,1547.1477255752482,275.96307742915593,312.7882126885573,477.1344091094754,0.20217087710370957,0.24928603636645108,0.16356750835083314,0.4925763765412533,3.36954905134908,4.4336568629856865,k0_250,250.0,188.59411732288777
clausius,4.735852815975205,472.32750755212857,1.7273710702693807,250.00000132258117,0.6618981294964028,4.136863309352518,748.1184065664502,1549.8662769565713,277.752246018457,309.3637667860066,467.7511730219285,0.19960674761792707,0.25536342985875893,0.1690245765652984,0.4928735529311044,3.4165816831996643,4.46435606313042,k0_250,250.0,192.26215550064626
clausius,4.735852815975205,472.32750755212857,1.7273710702693807,250.00000132258117,0.6676523741007195,4.172827338129497,757.0444601599896,1552.533702710352,279.5233870007548,306.490427612014,459.36469959140527,0.19741305910264953,0.26135352915749416,0.1744933042216026,0.49315906987911695,3.4627240106050285,4.494751309435302,k0_250,250.0,195.8901642934693
clausius,4.735852815975205,472.32750755212857,1.7273710702693807,250.00000132258117,0.6734066187050359,4.208791366906475,765.9857239301315,1555.1554033901357,281.27948779717923,304.1080356943405,451.8585312743587,0.19554832593026084,0.2672578333803832,0.17997319389911776,0.4934334248059182,3.5080151816260106,4.5248468701038815,k0_250,250.0,199.47875748997785
clausius,4.735852815975205,472.32750755212857,1.7273710702693807,250.00000132258117,0.6791608633093525,4.244755395683454,774.9419493376523,1557.7361509715756,283.0232110478017,302.1489494453951,445.1306511177234,0.19396670563043797,0.2730771481560409,0.1854633116917127,0.49369755161763984,3.5524879367360866,4.554650002263095,k0_250,250.0,203.02857099507537
clausius,4.735852815975205,472.32750755212857,1.7273710702693807,250.00000132258117,0.684915107913669,4.280719424460432,783.9129136134856,1560.2801664119638,284.7567657212714,300.5759603017221,439.0915588539997,0.1926423002561967,0.2788127008875641,0.1909630311161075,0.4939520767975616,3.5961750825512246,4.584166303613423,k0_250,250.0,206.54025696903568
clausius,4.735852815975205,472.32750755212857,1.7273710702693807,250.00000132258117,0.6906693525179856,4.31668345323741,792.8984167952485,1562.7911869256197,286.48238624330855,299.384688248604,433.6626204824912,0.19157049947124705,0.28446536208678025,0.19647150744627084,0.4941978450717147,3.639105429717885,4.613402888969352,k0_250,250.0,210.01447885962307
clausius,4.735852815975205,472.32750755212857,1.7273710702693807,250.00000132258117,0.6964235971223022,4.352647482014389,801.898279123566,1565.2725244506175,288.20223117521044,298.5249975714208,428.77465690974265,0.19071758617637377,0.2900365867287096,0.2019883230266825,0.4944352740956197,3.68130905296608,4.642364444606319,k0_250,250.0,213.45190719713787
clausius,4.735852815975205,472.32750755212857,1.7273710702693807,250.00000132258117,0.7021778417266187,4.388611510791367,810.9123387514584,1567.7271165447712,289.9179579563665,297.93725314619184,424.3667240848064,0.19004407718789582,0.2955274712867709,0.20751284195907008,0.49466499976754863,3.722812376402839,4.671057110289317,k0_250,250.0,216.85321604206024
clausius,4.735852815975205,472.32750755212857,1.7273710702693807,250.00000132258117,0.7079320863309353,4.4245755395683455,819.940449726403,1570.1575707699367,291.6310388378932,297.59121745593455,420.3850695189838,0.1895295242948189,0.30093967984957415,0.21304485541567275,0.49488723091526254,3.7636432169922354,4.699484591283702,k0_250,250.0,220.21907999111022
clausius,4.735852815975205,472.32750755212857,1.7273710702693807,250.00000132258117,0.7136863309352518,4.4605395683453235,828.9824802105178,1572.5662034533148,293.3427832710421,297.460297802917,416.78222141308356,0.18915597775769433,0.30627434939362574,0.2185838166783181,0.4951025142569337,3.8038251674607255,4.727652703490496,k0_250,250.0,223.55017166179414
clausius,4.735852815975205,472.32750755212857,1.7273710702693807,250.00000132258117,0.7194405755395684,4.496503597122302,838.0383109087066,1574.9550735851058,295.05435746515485,297.5210865409031,413.5162090703677,0.18890766570480588,0.31153240112720704,0.22412904996618152,0.49531152557338687,3.8433794288740017,4.755568068352198,k0_250,250.0,226.84715958672746
clausius,4.735852815975205,472.32750755212857,1.7273710702693807,250.00000132258117,0.7251948201438849,4.53246762589928,847.107833678954,1577.3260125209767,296.7668014848389,297.75296121378966,410.54988436345565,0.1887707162946632,0.3167158368510451,0.22968068434191366,0.49551413580197123,3.8823315063656145,4.783232645959741,k0_250,250.0,230.11070645937662
clausius,4.735852815975205,472.32750755212857,1.7273710702693807,250.00000132258117,0.7309490647482015,4.568431654676259,856.1909503023006,1579.6806500272528,298.4810442061223,298.1377364391636,407.85032911013775,0.18873291663984115,0.3218252085430422,0.23523783519693162,0.4957112295512699,3.9206984144894776,4.810654354833194,k0_250,250.0,233.34146768112032
clausius,4.735852815975205,472.32750755212857,1.7273710702693807,250.00000132258117,0.736703309352518,4.604395683453237,865.2875713928792,1582.0204371660498,300.1979164073353,298.64764535724817,405.3883493469555,0.18877609817242957,0.32686225170193817,0.24080050253123356,0.4959028068212845,3.95850214190032,4.837835986695957,k0_250,250.0,236.54009016651867
clausius,4.735852815975205,472.32750755212857,1.7273710702693807,250.00000132258117,0.7424575539568344,4.640359712230215,874.3976154312628,1584.3506701314477,301.9180274098998,299.2585844683771,404.5295897219533,0.18888405837802857,0.3318281929268782,0.24636834845440655,0.49608920550242785,3.995761155216119,4.864782318328966,k0_250,250.0,239.70721137022633
clausius,4.735852815975205,472.32750755212857,1.7273710702693807,250.00000132258117,0.748211798561151,4.676323741007194,883.5210539827774,1586.6679739501542,303.6419305972804,300.0012238627339,400.89457211620476,0.18907624581080665,0.3367245001860336,0.25194124390379685,0.4962705546573542,4.032494242233108,4.891496940437256,k0_250,250.0,242.84352008593396
clausius,4.735852815975205,472.32750755212857,1.7273710702693807,250.00000132258117,0.7539660431654676,4.712287769784172,892.6577666871519,1588.9692295744032,305.3705882573008,300.8712126517445,398.9517265700744,0.189349930163425,0.34155210807320663,0.25751869145877976,0.4964473517066878,4.068716769790464,4.917985537198501,k0_250,250.0,245.94956215720003
clausius,4.735852815975205,472.32750755212857,1.7273710702693807,250.00000132258117,0.7597202877697842,4.748251798561151,901.8076892141845,1591.2597795508198,307.10450370127137,301.82151260755796,397.1736153030614,0.1896745688455445,0.3463120679635223,0.2631003039313962,0.49661998383838796,4.1044439726078235,4.944253132943569,k0_250,250.0,249.02594064127015
clausius,4.735852815975205,472.32750755212857,1.7273710702693807,250.00000132258117,0.7654745323741007,4.784215827338129,910.9707626882445,1593.5405176044153,308.84409787807823,302.8395677559359,395.5414013247503,0.19004196279313784,0.3510062426422285,0.26868633944695,0.4967881929271507,4.139694316582066,4.970301117281981,k0_250,250.0,252.0732475878599
clausius,4.735852815975205,472.32750755212857,1.7273710702693807,250.00000132258117,0.7712287769784173,4.820179856115108,920.1469330645546,1595.8122352866424,310.5897295987377,303.9185623020642,394.03840921124714,0.19044756994702064,0.3556354991406809,0.2742763310523763,0.496952445926041,4.1744808092547085,4.996134941220267,k0_250,250.0,255.0920636410649
clausius,4.735852815975205,472.32750755212857,1.7273710702693807,250.00000132258117,0.7769830215827338,4.856143884892086,929.3361505770455,1598.0756336636487,312.34174137263483,305.0639903103953,392.64986445312934,0.1908945883938075,0.36020101102056645,0.2798700699199153,0.4971129516628185,4.2088173662784705,5.021758573844904,k0_250,250.0,258.0829577510774
clausius,4.735852815975205,472.32750755212857,1.7273710702693807,250.00000132258117,0.7827372661870504,4.892107913669065,938.5383692491522,1600.3313336033427,314.1005552391674,306.30403570088924,391.3626670969179,0.19140038645072832,0.3647039173341081,0.28546734722180783,0.4972699189652426,4.242717199174289,5.047175953411517,k0_250,250.0,261.0464869790294
clausius,4.735852815975205,472.32750755212857,1.7273710702693807,250.00000132258117,0.7884915107913669,4.928071942446043,947.753546460057,1602.5798848350207,315.8668380620593,307.6930083438429,390.16519147751205,0.1919985463785593,0.36914585357257806,0.2910683717858108,0.4974231390055561,4.276195342974095,5.072388702885718,k0_250,250.0,263.98319638070325
clausius,4.735852815975205,472.32750755212857,1.7273710702693807,250.00000132258117,0.7942457553956834,4.964035971223021,956.9816425597484,1604.8217739359422,317.64163690526436,309.23349437949923,389.0471135591303,0.19269024099858864,0.3735274565565105,0.29667259689375397,0.49757315850192946,4.30926166359043,5.097402557192821,k0_250,250.0,266.8936189567571
clausius,4.735852815975205,472.32750755212857,1.7273710702693807,250.00000132258117,0.8,5.0,966.2226205271783,1607.0604461899593,319.42564839507367,310.83451193048575,389.04711355912275,0.1934180588337025,0.37784986685373045,0.3022798934829844,0.49772010651701565,4.341927976476945,5.122220913504669,k0_250,250.0,269.7782756589727
clausius,4.11410812010825,454.4126974680453,1.9364497235832598,279.9999999698599,0.00016,0.001,0.14932509300689956,939.3846049370148,0.0009150776339971103,-0.03868457103726429,-420.37865332572426,-4.118075901388449e-05,0.2915293993067519,4.664470388908031e-05,0.00011335529611091971,0.063933214014679,0.1247161673489049,k0_280,280.0,-4.718168706877805
clausius,4.11410812010825,454.4126974680453,1.9364497235832598,279.9999999698599,0.005914244604316546,0.036964028776978415,5.547814238983029,936.9656433393455,-0.006303991023573608,-2.4704436131053895,-420.3786533257142,-0.002636642688733739,0.0,0.0,0.005914244604316546,0.0,0.44575641471160793,k0_280,280.0,0.04274428114183593
clausius,4.11410812010825,454.4126974680453,1.9364497235832598,279.9999999698599,0.011668489208633092,0.07292805755395683,10.93238408823772,934.5926939071188,-0.027515996027962807,-4.699189559075039,-404.38622734913395,-0.0050280615178252734,0.0,0.0,0.011668489208633092,0.0,0.5611906473194452,k0_280,280.0,-1.084869620546442
clausius,4.11410812010825,454.4126974680453,1.9364497235832598,279.9999999698599,0.01742273381294964,0.10889208633093525,16.30356417128044,932.3299395240687,-0.06038456335351,-6.563130054050342,-382.0782136490568,-0.007039492968981193,0.0,0.0,0.01742273381294964,0.0,0.6438788686865047,k0_280,280.0,-2.2361671643842556
clausius,4.11410812010825,454.4126974680453,1.9364497235832598,279.9999999698599,0.023176978417266184,0.14485611510791366,21.662093136136008,930.2054404526871,-0.1030477074298567,-8.113315832380124,-356.33289587801755,-0.008722068781313251,0.0,0.0,0.023176978417266184,0.0,0.7108808036528097,k0_280,280.0,-3.3616383402950305
clausius,4.11410812010825,454.4126974680453,1.9364497235832598,279.9999999698599,0.02893122302158273,0.18082014388489207,27.008823444541978,928.2340243473169,-0.15375657105668866,-9.353408875177442,-328.8712415653964,-0.010076563269434392,0.0,0.0,0.02893122302158273,0.0,0.7684204719130533,k0_280,280.0,-4.447228159232736
clausius,4.11410812010825,454.4126974680453,1.9364497235832598,279.9999999698599,0.03468546762589928,0.2167841726618705,32.344664388423176,926.4225637978453,-0.21069131253376933,-10.274238498338738,-300.73722106852,-0.011090229124191194,0.0,0.0,0.03468546762589928,0.0,0.8195551183409542,k0_280,280.0,-5.486569958429868
clausius,4.11410812010825,454.4126974680453,1.9364497235832598,279.9999999698599,0.04043971223021583,0.2527482014388489,37.67054752264369,924.7730996093576,-0.27199753394174275,-10.87574949339445,-272.56624512450577,-0.01176045183190188,0.0,0.0,0.04043971223021583,0.0,0.8660400540911967,k0_280,280.0,-6.476370252285619
clausius,4.11410812010825,454.4126974680453,1.9364497235832598,279.9999999698599,0.04619395683453237,0.2887122302158273,42.98740562571164,923.2847441027152,-0.3358547582142961,-11.167775514265738,-244.7407548336837,-0.012095700254550427,0.0,0.0,0.04619395683453237,0.0,0.9089873059626424,k0_280,280.0,-7.414950104981472
clausius,4.11410812010825,454.4126974680453,1.9364497235832598,279.9999999698599,0.051948201438848915,0.3246762589928057,48.29616003664535,921.9548690374108,-0.4005217579321068,-11.165761235187567,-217.48327516538555,-0.012110962922561978,0.0,0.0,0.051948201438848915,0.0,0.9491512423441757,k0_280,280.0,-8.301594685671375
clausius,4.11410812010825,454.4126974680453,1.9364497235832598,279.9999999698599,0.05770244604316546,0.36064028776978413,53.59771328687542,920.7828513052557,-0.46435580089562595,-10.927575265154086,-189.8743582852187,-0.011867700674120617,0.0,0.0,0.05770244604316546,0.0,0.9870701749995238,k0_280,280.0,-9.136200243910253
clausius,4.11410812010825,454.4126974680453,1.9364497235832598,279.9999999698599,0.06345669064748201,0.39660431654676254,58.89297954438629,919.7437750229417,-0.5262816399476585,-10.428141159700452,-171.27688006658494,-0.011338093763603169,0.0,0.0,0.06345669064748201,0.0,1.0231435812439673,k0_280,280.0,-9.918517283674419
clausius,4.11410812010825,454.4126974680453,1.9364497235832598,279.9999999698599,0.06921093525179856,0.43256834532374094,64.1825745964344,918.8466653967153,-0.5843679508981412,-9.63311137445982,-140.53107663845296,-0.0104839161279436,0.0,0.0,0.06921093525179856,0.0,1.057677351257852,k0_280,280.0,-10.652690460984331
clausius,4.11410812010825,454.4126974680453,1.9364497235832598,279.9999999698599,0.0749651798561151,0.4685323741007194,69.4675164774929,918.1136464892882,-0.6371441982461901,-8.591678943404693,-114.24394869750162,-0.009357968892258409,0.0,0.0,0.0749651798561151,0.0,1.090911833096839,k0_280,280.0,-11.336226087553996
clausius,4.11410812010825,454.4126974680453,1.9364497235832598,279.9999999698599,0.08071942446043165,0.5044964028776978,74.74867558935516,917.5269284985199,-0.6832451953023543,-7.31986110907826,-89.68133815227242,-0.007977816107323185,0.0,0.0,0.08071942446043165,0.0,1.1230400213299647,k0_280,280.0,-11.96917050620607
clausius,4.11410812010825,454.4126974680453,1.9364497235832598,279.9999999698599,0.08647366906474818,0.5404604316546762,80.02686523274836,917.0782932227421,-0.7213847408287102,-5.829758604906738,-66.25060656904728,-0.006356882120086112,0.0,0.0,0.08647366906474818,0.0,1.1542198026887505,k0_280,280.0,-12.552218053482875
clausius,4.11410812010825,454.4126974680453,1.9364497235832598,279.9999999698599,0.09222791366906474,0.5764244604316546,85.30286123038074,916.7619785113111,-0.7503369092958594,-4.130569448642455,-43.69074392255843,-0.00450560728461918,0.0,0.0,0.09222791366906474,0.0,1.1845824637807398,k0_280,280.0,-13.086296146009545
clausius,4.11410812010825,454.4126974680453,1.9364497235832598,279.9999999698599,0.0979821582733813,0.6123884892086331,90.57741056933094,916.573434066079,-0.7689213547539215,-2.2291326816256665,-21.84155725660027,-0.0024320284646881444,0.0,0.0,0.0979821582733813,0.0,1.2142387626777154,k0_280,280.0,-13.57240863576692
clausius,4.11410812010825,454.4126974680453,1.9364497235832598,279.9999999698599,0.10373640287769784,0.6483525179856114,95.85123670524999,916.508916381879,-0.7759908587069597,-0.13022415316110306,-0.5828228793264574,-0.00014208716449283615,0.0,0.0,0.10373640287769784,0.0,1.2432833638764271,k0_280,280.0,-14.011563479256438
clausius,4.11410812010825,454.4126974680453,1.9364497235832598,279.9999999698599,0.10949064748201438,0.6843165467625899,101.12504354312779,916.565319377812,-0.7704200380152795,2.163300547810165,20.18678475883467,0.0023602251820728595,0.0,0.0,0.10949064748201438,0.0,1.2717981445492557,k0_280,280.0,-14.404735301805431
clausius,4.11410812010825,454.4126974680453,1.9364497235832598,279.9999999698599,0.11524489208633093,0.7202805755395683,106.39951879231688,916.7400905717097,-0.7510945376974564,4.651792499901392,40.55835414841637,0.005074276283696046,0.0,0.0,0.11524489208633093,0.0,1.2998547043905246,k0_280,280.0,-14.752844606665121
clausius,4.11410812010825,454.4126974680453,1.9364497235832598,279.9999999698599,0.12099913669064748,0.7562446043165467,111.67533698259363,917.0311839210983,-0.716884934229364,7.327769239136414,60.61681979887753,0.007990752514875108,0.0,0.0,0.12099913669064748,0.0,1.32751630215111,k0_280,280.0,-15.056745717876879
clausius,4.11410812010825,454.4126974680453,1.9364497235832598,279.9999999698599,0.12675338129496402,0.7922086330935252,116.95316227645287,917.4370307284439,-0.6667629844855014,10.18725288797922,80.44315774886059,0.011104034987437289,0.0,0.0,0.12675338129496402,0.0,1.3548393720947824,k0_280,280.0,-15.317219614878354
clausius,4.11410812010825,454.4126974680453,1.9364497235832598,279.9999999698599,0.13250762589928056,0.8281726618705034,122.2336511503323,917.9565207583576,-0.5996450443024389,13.249995426026596,100.11573942594968,0.014434229864264474,0.0,0.0,0.13250762589928056,0.0,1.3818747277960135,k0_280,280.0,-15.534969623239135
clausius,4.11410812010825,454.4126974680453,1.9364497235832598,279.9999999698599,0.13826187050359712,0.864136690647482,127.51745498959481,918.5889900050186,-0.5142755551106365,16.532701143849,119.71128919445793,0.01799793087413194,0.0,0.0,0.13826187050359712,0.0,1.4086685299797326,k0_280,280.0,-15.710618805224158
clausius,4.11410812010825,454.4126974680453,1.9364497235832598,279.9999999698599,0.14401611510791365,0.9001007194244603,132.80522262897424,919.3342134167609,-0.4093786315988967,20.041819652995777,139.30564977382616,0.021800363089402655,0.0,0.0,0.14401611510791365,0.0,1.4352630740916228,k0_280,280.0,-15.844708354609566
clausius,4.11410812010825,454.4126974680453,1.9364497235832598,279.9999999698599,0.1497703597122302,0.9360647482014388,138.0976028638288,920.1924017596925,-0.28362448991276396,23.78794404020051,158.9744554159328,0.025851054621523286,0.0,0.0,0.1497703597122302,0.0,1.4616974386560213,k0_280,280.0,-15.937696556444962
clausius,4.11410812010825,454.4126974680453,1.9364497235832598,279.9999999698599,0.15552460431654674,0.9720287769784172,143.39524695449182,921.1642036770521,-0.13561533431668119,27.783917816068907,178.79426460975253,0.03016174283060784,0.0,0.0,0.15552460431654674,0.0,1.4880080251241419,k0_280,280.0,-15.989958022123915
clausius,4.11410812010825,454.4126974680453,1.9364497235832598,279.9999999698599,0.16127884892086328,1.0079928057553955,148.69881116122522,922.250719879013,0.03612642844701301,32.0446181235214,198.84564355407028,0.034746102586642846,0.0,0.0,0.16127884892086328,0.0,1.5142290124804882,k0_280,280.0,-16.001782898455986
clausius,4.11410812010825,454.4126974680453,1.9364497235832598,279.9999999698599,0.16703309352517984,1.043956834532374,154.00895941187355,923.4535113900246,0.2331698075526334,36.58698230324114,219.20801725461638,0.039619733805731853,0.0,0.0,0.16703309352517984,0.0,1.5403927444664651,k0_280,280.0,-15.97337544576419
clausius,4.11410812010825,454.4126974680453,1.9364497235832598,279.9999999698599,0.17278733812949637,1.0799208633093522,159.32636593173166,924.7745970010836,0.4571873194603137,41.43011717902495,239.9610664043675,0.04480023274144543,0.0,0.0,0.17278733812949637,0.0,1.5665300632990542,k0_280,280.0,-15.904853118787628
clausius,4.11410812010825,454.4126974680453,1.9364497235832598,279.9999999698599,0.1785415827338129,1.1158848920863307,164.6517178818785,926.2164620165809,0.7099678640198454,46.595455111316205,261.18725614619547,0.05030730614511802,0.0,0.0,0.1785415827338129,0.0,1.5926706008019855,k0_280,280.0,-15.79624577789673
clausius,4.11410812010825,454.4126974680453,1.9364497235832598,279.9999999698599,0.18429582733812946,1.1518489208633091,169.9857180897078,927.7820763022629,0.9934306117802439,52.106947906949195,282.9725400883462,0.05616291717406839,0.0,0.0,0.18429582733812946,0.0,1.6188430356461079,k0_280,280.0,-15.647494547810652
clausius,4.11410812010825,454.4126974680453,1.9364497235832598,279.9999999698599,0.19005007194244602,1.1878129496402876,175.32908789496634,929.4749164975525,1.3096401117017784,57.991297761386626,305.40710370354697,0.06239146073990834,0.0,0.0,0.19005007194244602,0.0,1.6450753237182272,k0_280,280.0,-15.4584502758712
clausius,4.11410812010825,454.4126974680453,1.9364497235832598,279.9999999698599,0.19580431654676259,1.223776978417266,180.68257013591506,931.2989927841583,1.660822836261792,64.2782276829437,328.5862045520401,0.0690199690765059,0.0,0.0,0.19580431654676259,0.0,1.6713949073644683,k0_280,280.0,-15.228871546537675
clausius,4.11410812010825,454.4126974680453,1.9364497235832598,279.9999999698599,0.2015585611510791,1.2597410071942443,186.04693230343366,933.2588806012313,2.049385401340995,71.00079557562064,352.61105133202864,0.07607834980351856,0.0,0.0,0.2015585611510791,0.0,1.69782890828593,k0_280,280.0,-14.958422202759266
clausius,4.11410812010825,454.4126974680453,1.9364497235832598,279.9999999698599,0.20731280575539565,1.2957050359712228,191.4229698921753,935.3597577145927,2.4779347259481845,78.19575745519415,377.5897857300209,0.08359965971409057,0.0,0.0,0.20731280575539565,0.0,1.724404308129444,k0_280,280.0,-14.64666832963735
clausius,4.11410812010825,454.4126974680453,1.9364497235832598,279.9999999698599,0.2130670503597122,1.3316690647482012,196.81150998128174,937.6074472353156,2.94930043217499,85.90399143925264,403.6385683912139,0.09162042354991334,0.0,0.0,0.2130670503597122,0.0,1.7511481202627348,k0_280,280.0,-14.29307464944452
clausius,4.11410812010825,454.4126974680453,1.9364497235832598,279.9999999698599,0.21882129496402875,1.3676330935251797,202.21341508061695,940.0084672219984,3.466559884405333,94.17102298253482,430.8827812502251,0.10018103694410105,2.0904206303164757e-06,4.574285493453724e-07,0.2188208375354794,0.006331560522074161,1.77808543254607,k0_280,280.0,-13.897000272034347
clausius,4.11410812010825,454.4126974680453,1.9364497235832598,279.9999999698599,0.22457553956834528,1.403597122302158,207.62958728232982,942.5700876112452,4.033066633935428,103.04764181726789,459.4583722445247,0.10932623809272525,1.0091380118104546e-05,2.2662771350126004e-06,0.22457327329121027,0.014093040727854264,1.8052397276095302,k0_280,280.0,-13.457693738984744
clausius,4.11410812010825,454.4126974680453,1.9364497235832598,279.9999999698599,0.23032978417266184,1.4395611510791364,213.06097276227132,945.3003953503631,4.652482558234449,112.59054438703616,489.5133614456977,0.11910557209203955,2.427342073847259e-05,5.590891759824606e-06,0.230324193280902,0.0221353824429676,1.8326384181968205,k0_280,280.0,-12.9742872916745
clausius,4.11410812010825,454.4126974680453,1.9364497235832598,279.9999999698599,0.23608402877697837,1.4755251798561149,218.50856668113607,948.2083687813364,5.3288136990077595,122.86303830851718,521.2095503998754,0.1295738809671382,4.52202046201127e-05,1.0675768088835538e-05,0.23607335300888954,0.0305874615739977,1.8603092041447142,k0_280,280.0,-12.44579028446401
clausius,4.11410812010825,454.4126974680453,1.9364497235832598,279.9999999698599,0.24183827338129493,1.5114892086330933,223.97341854192692,951.3039624447634,6.066450508747893,133.93588724508862,554.7244344387682,0.14079189463364133,7.34039243441099e-05,1.775187832279074e-05,0.24182052150297215,0.039442314048136966,1.888280656448914,k0_280,280.0,-11.871081651337022
clausius,4.11410812010825,454.4126974680453,1.9364497235832598,279.9999999698599,0.2475925179856115,1.5474532374100718,229.45663806706156,954.5982037067276,6.8702134120165645,145.88832384856897,590.2533996590341,0.15282694151537382,0.0001100607961369801,2.7250229647055964e-05,0.24756526775596444,0.04886753437531193,1.9165814352949269,k0_280,280.0,-11.248901324247072
clausius,4.11410812010825,454.4126974680453,1.9364497235832598,279.9999999698599,0.253346762589928,1.58341726618705,234.9594016678663,958.1033028521737,7.745404709424715,158.80927632451477,628.0122065046877,0.16575381365637307,0.00015566301257980835,3.943672029208968e-05,0.2533073258696359,0.058786752563601705,1.94524206885483,k0_280,280.0,-10.57784048270571
clausius,4.11410812010825,454.4126974680453,1.9364497235832598,279.9999999698599,0.25910100719424456,1.6193812949640285,240.4829595886915,961.832778528522,8.69786825482807,172.7988993703202,668.239841437556,0.1796558645409027,0.0002109745973180256,5.46637306575006e-05,0.25904634346358707,0.06921032313438806,1.9742940061698135,k0_280,280.0,-9.856330498921466
clausius,4.11410812010825,454.4126974680453,1.9364497235832598,279.9999999698599,0.2648552517985611,1.655345323741007,246.0286438200714,965.8016007873194,9.734058978091726,187.9705515315972,711.2017818192242,0.19462646508181805,0.00027752359764249404,7.350358233364533e-05,0.26478174821622746,0.08025383734310632,2.003769231613901,k0_280,280.0,-9.08263042036458
clausius,4.11410812010825,454.4126974680453,1.9364497235832598,279.9999999698599,0.2706094964028777,1.6913093525179854,251.59787688903296,970.0263543080645,10.861125318670272,204.45342996828825,757.1937457451584,0.21077100540647495,0.0003565462297797295,9.64847956850373e-05,0.27051301160719265,0.09194522494325888,2.0337015980028275,k0_280,280.0,-8.254812807975554
clausius,4.11410812010825,454.4126974680453,1.9364497235832598,279.9999999698599,0.27636374100719424,1.7272733812949639,257.1921816507155,974.5254224921305,12.087009070549799,222.39614292708353,806.5451960045095,0.22820968832024435,0.00044975090253733296,0.00012429484194657935,0.27623944616524765,0.10435469604662623,2.0641261471614682,k0_280,280.0,-7.370747720409781
clausius,4.11410812010825,454.4126974680453,1.9364497235832598,279.9999999698599,0.28211798561151075,1.7632374100719421,262.8131921973222,979.3191821384919,13.42056892958823,241.97151776064445,859.6195140481087,0.24708136241369535,0.0005584853016894276,0.00015755874830625818,0.2819604268632045,0.11748694542206939,2.0950802678072913,k0_280,280.0,-6.42808469776935
clausius,4.11410812010825,454.4126974680453,1.9364497235832598,279.9999999698599,0.2878722302158273,1.7992014388489206,268.4626658901637,984.4302269755486,14.87173567149474,263.3828038148533,916.82385550465,0.26754847280953636,0.0006860547753036084,0.00019749611821686804,0.28767473409761046,0.13153069639729145,2.12660109846319,k0_280,280.0,-5.424233004731377
clausius,4.11410812010825,454.4126974680453,1.9364497235832598,279.9999999698599,0.29362647482014387,1.835165467625899,274.1424968411226,989.8836378229933,16.451707085031003,286.8709838371206,978.6155018538087,0.28980273324652894,0.0008348628638637752,0.00024513783967457,0.2933813369804693,0.1465306763663441,2.1587291019783454,k0_280,280.0,-4.356339260469895
clausius,4.11410812010825,454.4126974680453,1.9364497235832598,279.9999999698599,0.29938071942446043,1.8711294964028777,279.8547310538521,995.7072847646344,18.17318729325421,312.7220290443353,1045.5066347921884,0.31407024316213233,0.0010073819998229602,0.0003015907478422495,0.2990791286766182,0.16251872823372485,2.191507166079041,k0_280,280.0,-3.2212621044726575
clausius,4.11410812010825,454.4126974680453,1.9364497235832598,279.9999999698599,0.30513496402877693,1.9070935251798558,285.6015833827937,1001.9321588685932,20.050665181589572,341.2716726602014,1118.0698316267628,0.34061355316269504,0.0012082652170228817,0.0003686839635334994,0.3047662800652434,0.17967478118497654,2.224978043994791,k0_280,280.0,-2.015543771447483
clausius,4.11410812010825,454.4126974680453,1.9364497235832598,279.9999999698599,0.3108892086330935,1.9430575539568342,291.38545649197374,1008.592730277537,22.100708655276293,372.90401198033777,1196.94173529629,0.369727047187545,0.001441804826271779,0.0004482415614430082,0.3104409670716505,0.19809581154727812,2.259187696755994,k0_280,280.0,-0.7353783904984539
clausius,4.11410812010825,454.4126974680453,1.9364497235832598,279.9999999698599,0.31664345323741006,1.979021582733813,297.20896193509856,1015.7273140110467,24.342226979321286,408.0396563235387,1282.8220648583351,0.4017216537302855,0.001713709716121147,0.0005426349623591017,0.31610081827505093,0.21793389943502664,2.2941830967893693,k0_280,280.0,0.6234229585031699
clausius,4.11410812010825,454.4126974680453,1.9364497235832598,279.9999999698599,0.3223976978417266,2.014985611510791,303.0749433241838,1023.3784027360646,26.796628636770105,447.1098729145735,1376.4631241214788,0.43689594359153755,0.002030272437251174,0.0006545551597612899,0.3217431426819653,0.2393242944106719,2.330013372793577,k0_280,280.0,2.0654699245746997
clausius,4.11410812010825,454.4126974680453,1.9364497235832598,279.9999999698599,0.3281519424460431,2.0509496402877696,308.9865012393347,1031.5928883137508,29.487786126831956,490.51541273447305,1478.6416350763182,0.4754932088920011,0.0023992021180853015,0.0007873028353703526,0.32736463961067275,0.26243198184957695,2.3667286301803743,k0_280,280.0,3.5958319068620312
clausius,4.11410812010825,454.4126974680453,1.9364497235832598,279.9999999698599,0.3339061870503597,2.086913669064748,314.9470189470452,1040.4220360359673,32.44171997089298,538.5718728302988,1590.100946912062,0.5176475066620758,0.002830680319500004,0.0009451816722427402,0.33296100537811696,0.28749015075216905,2.404378137845871,k0_280,280.0,5.220075462527802
clausius,4.11410812010825,454.4126974680453,1.9364497235832598,279.9999999698599,0.33966043165467624,2.1228776978417265,320.96018701347873,1049.9209979080335,35.68593471337278,591.4465393723654,1711.448613541256,0.5633248030573937,0.0033359231682922926,0.0011330811033089952,0.33852735055136723,0.3147024696280668,2.443012019194055,k0_280,280.0,6.944294658938816
clausius,4.11410812010825,454.4126974680453,1.9364497235832598,279.9999999698599,0.34541467625899275,2.1588417266187045,327.03002342138706,1060.147567925366,39.24837608674322,649.0938113789086,1842.9953562757726,0.6122674154213639,0.00392832236704645,0.0013569001986543097,0.34405777606033844,0.34429433885608096,2.4826789642862854,k0_280,280.0,8.775125374751497
clausius,4.11410812010825,454.4126974680453,1.9364497235832598,279.9999999698599,0.3511689208633093,2.194805755395683,333.1608838585064,1071.1598302754048,43.15602383701746,711.1970954423572,1984.5313156988789,0.663950491178802,0.004625593269147072,0.0016243645966789642,0.34954455626663034,0.3765842241163552,2.523421615549065,k0_280,280.0,10.719730206955205
clausius,4.11410812010825,454.4126974680453,1.9364497235832598,279.9999999698599,0.35692316546762587,2.2307697841726615,339.35745476883284,1083.012392033011,47.43318018485281,777.1244747735957,2135.057812893241,0.7175582481699879,0.005447239766341887,0.0019442460604638771,0.354978919407162,0.4118455004933342,2.565279051288001,k0_280,280.0,12.78573654422462
clausius,4.11410812010825,454.4126974680453,1.9364497235832598,279.9999999698599,0.3626774100719424,2.26673381294964,345.6247202850342,1095.7510880778755,52.09955246871402,845.9040437264782,2292.524579175521,0.7719855840712243,0.006417179581937309,0.0023273660707435733,0.3603500440011988,0.45039973966945673,2.6082802508368945,k0_280,280.0,14.98110851865431
clausius,4.11410812010825,454.4126974680453,1.9364497235832598,279.9999999698599,0.36843165467625894,2.3026978417266184,351.967894341325,1109.4064114640987,57.16825774361806,916.2231027884053,2453.649532361214,0.8258678634994124,0.007565389999621887,0.0027873291558319136,0.365644325520427,0.4926395276075123,2.652437707461106,k0_280,280.0,17.313936449351445
clausius,4.11410812010825,454.4126974680453,1.9364497235832598,279.9999999698599,0.3741858992805755,2.338661870503597,358.39231199935716,1123.986373491508,62.64389615985474,986.453675233716,2613.900782226448,0.87763846475241,0.00892473408735199,0.003339509650315811,0.3708463896302597,0.5388910423080444,2.6977489873505234,k0_280,280.0,19.792136711768876
clausius,4.11410812010825,454.4126974680453,1.9364497235832598,279.9999999698599,0.37994014388489206,2.3746258992805753,364.9032793913027,1139.4698597760425,68.52084921986176,1054.7051740105246,2767.687019209611,0.9256104187063113,0.010536023243790469,0.004003058187220318,0.37593708569767176,0.589557895274977,2.7441816194988897,k0_280,280.0,22.423069960870066
clausius,4.11410812010825,454.4126974680453,1.9364497235832598,279.9999999698599,0.3856943884892086,2.410589928057554,371.50588858415244,1155.801646129215,74.78195927324438,1118.9034754477584,2908.7440247265577,0.9680756894532649,0.01244405308415624,0.004799601444620891,0.38089478704458773,0.644971962332558,2.7916738225450084,k0_280,280.0,25.213102579393194
clausius,4.11410812010825,454.4126974680453,1.9364497235832598,279.9999999698599,0.3914486330935252,2.4465539568345323,378.2048101631012,1172.8900099446064,81.39773779255438,1176.8939540456358,3030.650279979037,1.0034137421813478,0.014698718135700378,0.005753793122446922,0.38569483997107823,0.7054227101694216,2.840124576636789,k0_280,280.0,28.167149886918196
clausius,4.11410812010825,454.4126974680453,1.9364497235832598,279.9999999698599,0.3972028776978416,2.4825179856115103,385.0040806065134,1190.607413085123,88.32623064308402,1226.5639606671493,3127.378917189914,1.0302001710948994,0.01735326085132002,0.006892765147585609,0.390310112550256,0.771113727993453,2.8893888884482886,k0_280,280.0,31.28824594113837
clausius,4.11410812010825,454.4126974680453,1.9364497235832598,279.9999999698599,0.4029571223021582,2.5184820143884887,391.9069027283098,1208.7942227913572,95.51363589759043,1265.9776170528467,3193.8016918523304,1.0473061445722673,0.020459756359654916,0.008244404545689825,0.3947127177564684,0.8420842458759099,2.9392804911912,k0_280,280.0,34.577182627479715
clausius,4.11410812010825,454.4126974680453,1.9364497235832598,279.9999999698599,0.40871136690647475,2.554446043165467,398.9154758749658,1227.265035940526,102.89572038730778,1293.5127479028733,3226.089855793377,1.0539799554475027,0.02406634820157006,0.009836190069910879,0.39887517683656387,0.9182039181827767,2.989573336161842,k0_280,280.0,38.03225203729039
clausius,4.11410812010825,454.4126974680453,1.9364497235832598,279.9999999698599,0.4144656115107913,2.5904100719424457,406.03086915056406,1245.8169466240834,110.40001339806003,1307.9868516241681,3221.988722458426,1.049902921266686,0.028211152404180054,0.011692552532622616,0.4027730589781687,0.9991233328779753,3.0400155894888816,k0_280,280.0,41.64911412196227
clausius,4.11410812010825,454.4126974680453,1.9364497235832598,279.9999999698599,0.42021985611510787,2.626374100719424,413.25294676112134,1264.2390289971497,117.94867295425853,1308.7573386789031,3180.9654930252427,1.0352135226493262,0.03291693562972174,0.013832349954071938,0.4063875061610359,1.0842695156275097,3.090348321682839,k0_280,280.0,45.420799249243146
clausius,4.11410812010825,454.4126974680453,1.9364497235832598,279.9999999698599,0.42597410071942443,2.6623381294964026,420.5803503729106,1282.3223353400174,125.46183310696559,1295.782174627286,3104.24050232032,1.0104964554670255,0.03818659992565078,0.01626650256286153,0.4097075981565629,1.1728675730136282,3.1403288717905897,k0_280,280.0,49.337844396163064
clausius,4.11410812010825,454.4126974680453,1.9364497235832598,279.9999999698599,0.431728345323741,2.698302158273381,428.01053951937115,1299.8697703927373,132.8611681276958,1269.631338724606,2994.7129691941022,0.9767373375726744,0.04400342192692462,0.01899752453709359,0.4127308207866474,1.2640287060256352,3.189745998480749,k0_280,280.0,53.38855290684705
clausius,4.11410812010825,454.4126974680453,1.9364497235832598,279.9999999698599,0.43748258992805755,2.7342661870503595,435.5398875981038,1316.7052553110698,140.07337166762014,1231.4466054926738,2856.788340186106,0.9352484928008784,0.0503301610996217,0.022018569229358874,0.4154640206986987,1.35679382239758,3.2384404734093,k0_280,280.0,57.55936081873972
clausius,4.11410812010825,454.4126974680453,1.9364497235832598,279.9999999698599,0.44323683453237406,2.770230215827338,443.16382774106904,1332.6816224984657,147.03325809801606,1182.8551200172742,2696.1098370672366,0.8875751717801121,0.05711525708526183,0.0253155857539742,0.41792124877839987,1.4502460868837783,3.28630368744276,k0_280,280.0,61.835287174672544
clausius,4.11410812010825,454.4126974680453,1.9364497235832598,279.9999999698599,0.44899107913669056,2.806194244604316,450.8770396691709,1347.6866957805012,153.68624705171524,1125.8486183476107,2519.196189647743,0.8353934351897606,0.06429636803917185,0.02886849567047759,0.42012258346621295,1.543549843762149,3.333280203398842,k0_280,280.0,66.2004409889538
clausius,4.11410812010825,454.4126974680453,1.9364497235832598,279.9999999698599,0.4547453237410071,2.8421582733812945,458.6736655360773,1361.6470408121763,159.990074772824,1062.6433155855334,2332.99414692892,0.7804102559145597,0.07180862705544419,0.03265463735772521,0.4220906863832819,1.6360224906992915,3.379350191195281,k0_280,280.0,70.63855347154151
clausius,4.11410812010825,454.4126974680453,1.9364497235832598,279.9999999698599,0.4604995683453237,2.878122302158273,466.5475399443251,1374.528965878871,165.91566618175747,995.5353423026913,2144.3702866342296,0.7242738181702472,0.07958613768785228,0.03664938205152747,0.4238501862937962,1.7271110341316054,3.42452871236626,k0_280,280.0,75.13350112516525
clausius,4.11410812010825,454.4126974680453,1.9364497235832598,279.9999999698599,0.46625381294964025,2.9140863309352514,474.4924173068479,1386.3365622406511,171.4471825165274,926.7642430822248,1959.5902411898853,0.6684987385634209,0.0875688927402376,0.040829330135913854,0.4254244828137264,1.8164258763893577,3.4688431280919994,k0_280,280.0,79.6697844143905
clausius,4.11410812010825,454.4126974680453,1.9364497235832598,279.9999999698599,0.4720080575539568,2.95005035971223,482.50217931040515,1397.1069176267542,176.5813224722163,858.3938553802664,1783.8569449158474,0.6144081348036039,0.0957009706513427,0.0451716292631685,0.42683642829078833,1.9036839612597916,3.5123373713951467,k0_280,280.0,84.23292926572287
clausius,4.11410812010825,454.4126974680453,1.9364497235832598,279.9999999698599,0.4777623021582733,2.9860143884892083,490.57100719166203,1406.9030754925598,181.32599893792812,792.2168626251956,1620.9888826170913,0.5630927079662817,0.10393421161711466,0.049655848215197855,0.42810645394307545,1.9887156064036622,3.555056110210796,k0_280,280.0,88.8097859030022
clausius,4.11410812010825,454.4126974680453,1.9364497235832598,279.9999999698599,0.48351654676258987,3.0219784172661868,498.69350817230395,1415.8057253176805,185.6985416866355,729.6868581890632,1473.3007895491235,0.5153862886275128,0.11222752867101421,0.05426386711470834,0.42925267964788155,2.071433412253517,3.5970432951540223,k0_280,280.0,93.38871153703462
clausius,4.11410812010825,454.4126974680453,1.9364497235832598,279.9999999698599,0.48927079136690643,3.0579424460431652,506.86479210300155,1423.9048302576005,189.72359227107836,671.8798090186021,1341.7011774664875,0.47185724406669194,0.12054637665066797,0.05897982110028549,0.43029097026662094,2.1518107425722444,3.6383403145445183,k0_280,280.0,97.95963839766864
clausius,4.11410812010825,454.4126974680453,1.9364497235832598,279.9999999698599,0.495025035971223,3.0939064748201437,515.0805015454441,1431.292309638295,193.43086321822457,619.4851079542391,1225.9614398434846,0.43281522843561604,0.12886239147483525,0.06379010997516814,0.43123492599605484,2.2298671400983716,3.6789838078194017,k0_280,280.0,102.51404296122723
clausius,4.11410812010825,454.4126974680453,1.9364497235832598,279.9999999698599,0.5007792805755394,3.1298705035971213,523.3368042028733,1438.0565134773474,196.85292995087858,572.8246815726089,1125.0696004377469,0.3983325246289997,0.13715076366382872,0.06868226075795798,0.4320970198175815,2.3056402851478874,3.719012410901746,k0_280,280.0,107.04484211369277
clausius,4.11410812010825,454.4126974680453,1.9364497235832598,279.9999999698599,0.5065335251798561,3.1658345323741,531.6303594122027,1444.278713718651,200.02320988454161,531.896713474133,1037.5775128403714,0.3682784412882704,0.14539324180531504,0.07364655130897345,0.4328869738708826,2.379205214633135,3.7584528236204218,k0_280,280.0,111.54624518374271
clausius,4.11410812010825,454.4126974680453,1.9364497235832598,279.9999999698599,0.5122877697841726,3.2017985611510786,539.9582701939629,1450.0313945583966,202.97425753800306,496.43847198423356,961.8789702677979,0.3423639473236527,0.15357339436531595,0.07867377169759292,0.43361399808657963,2.450635198338584,3.79733538705165,k0_280,280.0,116.01358775644394
clausius,4.11410812010825,454.4126974680453,1.9364497235832598,279.9999999698599,0.5180420143884892,3.237762589928057,548.3180300686572,1455.3778793524914,205.73646668212248,466.00074949644613,896.3961507043185,0.3201922717856433,0.16167956581714557,0.0837568079613704,0.43428520642711876,2.520022973055914,3.8356809671788445,k0_280,280.0,120.44316645997651
clausius,4.11410812010825,454.4126974680453,1.9364497235832598,279.9999999698599,0.5237962589928057,3.2737266187050356,556.7074708129744,1460.3727905866917,208.33722213479786,440.02501530823866,839.6827189542836,0.3013100614750995,0.16970169491675458,0.08888911294213447,0.4349071460506712,2.587457183276823,3.873511526891052,k0_280,280.0,124.83208643653325
clausius,4.11410812010825,454.4126974680453,1.9364497235832598,279.9999999698599,0.5295505035971223,3.3096906474820145,565.1247145697056,1465.0629285282218,210.80048982232597,417.9141697392462,790.4662455202681,0.28525339192022003,0.17763154220850025,0.09406487263124479,0.4354856309658775,2.6530250006796443,3.9108480226169124,k0_280,280.0,129.17812697926888
clausius,4.11410812010825,454.4126974680453,1.9364497235832598,279.9999999698599,0.5353047482014388,3.3456546762589925,573.5681317159099,1469.4882872965907,213.14678284737684,399.08924509521216,747.6535504422085,0.2715838217597599,0.1854634540532631,0.09927946757255111,0.4360252806288877,2.7168177831615568,3.9477063079532146,k0_280,280.0,133.47962659220116
clausius,4.11410812010825,454.4126974680453,1.9364497235832598,279.9999999698599,0.5410589928057553,3.3816187050359705,582.036304666271,1473.6830472864058,215.39340409278572,383.0275160499686,710.3171401615706,0.25991173390727645,0.1931927871745615,0.1045286948460049,0.4365302979597504,2.7789212404398596,3.9841023718156245,k0_280,280.0,137.73538635412137
clausius,4.11410812010825,454.4126974680453,1.9364497235832598,279.9999999698599,0.5468132374100719,3.4175827338129494,590.5279971625511,1477.676468359638,217.55485088244745,369.2815262453808,677.6742810709087,0.24990688703009434,0.2008167970744369,0.1098092829345943,0.43700395447547763,2.839422056824143,4.020048080095057,k0_280,280.0,141.94458941690937
clausius,4.11410812010825,454.4126974680453,1.9364497235832598,279.9999999698599,0.5525674820143884,3.4535467625899274,599.042128356239,1481.493659560638,219.64327655252825,357.4822411604113,649.0650091296542,0.24129852926027962,0.20833245207374265,0.11511773846427123,0.43744974355011723,2.8983950801429663,4.055559227797101,k0_280,280.0,146.10673420814942
clausius,4.11410812010825,454.4126974680453,1.9364497235832598,279.9999999698599,0.5583217266187049,3.489510791366906,607.5777509562629,1485.1562275722695,221.66893139712,347.33171168725727,623.9319743139077,0.23386880466779425,0.2157381950929029,0.12045132158187256,0.4378704050368324,2.9559153684078443,4.090648041462671,k0_280,280.0,150.22157904522396
clausius,4.11410812010825,454.4126974680453,1.9364497235832598,279.9999999698599,0.5640759712230216,3.525474820143885,616.1340327743887,1488.6828173187318,223.64053980829712,338.5908297899271,601.803109598588,0.22744323092259733,0.2230334602391455,0.12580781569962715,0.4382681555233944,3.0120557543066564,4.125324630819656,k0_280,280.0,154.2890961628725
clausius,4.11410812010825,454.4126974680453,1.9364497235832598,279.9999999698599,0.5698302158273381,3.561438848920863,624.7102410944531,1492.089561190742,225.5656003078995,331.0664435047632,582.2772019822471,0.22188108014143607,0.23021849789384236,0.13118545634229375,0.43864475948504433,3.066886418167253,4.159597305380284,k0_280,280.0,158.30943348175128
clausius,4.11410812010825,454.4126974680453,1.9364497235832598,279.9999999698599,0.5755844604316546,3.597402877697841,633.3057293876664,1495.3904526787294,227.4506144007122,324.6002300457559,565.0120479484106,0.21706720774115656,0.23729197745739133,0.13658157480957292,0.4390028856220817,3.1204619391230652,4.193481996041206,k0_280,280.0,162.28288274621627
clausius,4.11410812010825,454.4126974680453,1.9364497235832598,279.9999999698599,0.5813387050359712,3.6333669064748197,641.9199259817992,1498.5976580982615,229.3012585525009,319.0601301629873,549.7147807046778,0.21290579792302525,0.24425573184998778,0.1419953108512853,0.4393433941846859,3.1728491704978525,4.226982788344579,k0_280,280.0,166.2098529154007
clausius,4.11410812010825,454.4126974680453,1.9364497235832598,279.9999999698599,0.5870929496402877,3.6693309352517978,650.5523243639731,1501.721777723628,231.12251446559802,314.3341835466021,536.1339588581369,0.20931585877583986,0.25110990705583075,0.14742485601730618,0.43966809362298154,3.224100039752825,4.2601113636732775,k0_280,280.0,170.09084790162615
clausius,4.11410812010825,454.4126974680453,1.9364497235832598,279.9999999698599,0.5928471942446043,3.7052949640287767,659.202474855101,1504.772065506563,232.91877011175148,310.32622314379,524.0530831201474,0.20622805955619763,0.25785510595639,0.15286867608789095,0.43997851815671335,3.274264447218372,4.292878152426847,k0_280,280.0,173.92644791892008
clausius,4.11410812010825,454.4126974680453,1.9364497235832598,279.9999999698599,0.5986014388489208,3.741258992805755,667.8699774413079,1507.756614736863,234.6939004558042,306.95286084087695,513.2852420740862,0.20358249988141955,0.26449377540987606,0.1583263545269351,0.4402750843219857,3.3233980033378874,4.325286452821876,k0_280,280.0,177.71729384009973
clausius,4.11410812010825,454.4126974680453,1.9364497235832598,279.9999999698599,0.6043556834532374,3.777223021582734,676.5544755850453,1510.6825155403637,236.45133379829778,304.1413182397806,503.66867792141664,0.20132709229840445,0.27102603871164893,0.16379612685920217,0.44055955659403523,3.3715399420987557,4.357349418610745,k0_280,280.0,181.464074068552
clausius,4.11410812010825,454.4126974680453,1.9364497235832598,279.9999999698599,0.6101099280575538,3.813187050359711,685.2556508690748,1513.555988984135,238.19410753466613,301.82779892113126,495.0630901427098,0.19941634212270626,0.27745386020924323,0.16927735469155197,0.44083257336600185,3.418735964870085,4.389072850238823,k0_280,280.0,185.16751351804282
clausius,4.11410812010825,454.4126974680453,1.9364497235832598,279.9999999698599,0.6158641726618704,3.84915107913669,693.9732183509311,1516.3825016276492,239.92491576504707,299.95621232735516,487.34653540868584,0.19781038887311694,0.28377888613212526,0.17476924892666845,0.441094923735202,3.4650269155802746,4.420463972864687,k0_280,280.0,188.82836436394746
clausius,4.11410812010825,454.4126974680453,1.9364497235832598,279.9999999698599,0.6216184172661869,3.885115107913668,702.7069225252167,1519.1668636735224,241.64615036729796,298.4771357492773,480.4128274047719,0.19647422734558917,0.29000264452204966,0.18027098489080515,0.44134743237538177,3.5104502240681716,4.451530554235617,k0_280,280.0,192.44739828599108
clausius,4.11410812010825,454.4126974680453,1.9364497235832598,279.9999999698599,0.6273726618705036,3.921079136690647,711.4565338076309,1521.9133132782154,243.35993666084136,297.3469471363032,474.169326656867,0.1953770589573299,0.2961266640671603,0.18578177348664676,0.4415908883838568,3.555040819818001,4.482280357172714,k0_280,280.0,196.0253999695051
clausius,4.11410812010825,454.4126974680453,1.9364497235832598,279.9999999698599,0.6331269064748201,3.9570431654676255,720.2218454675541,1524.6255891584428,245.0681644996361,296.5270879474979,468.5350826039807,0.19449174279645523,0.3021533005505045,0.19130138445869746,0.4418255220161226,3.5988354895847516,4.512717627198306,k0_280,280.0,199.56316166954412
clausius,4.11410812010825,454.4126974680453,1.9364497235832598,279.9999999698599,0.6388811510791367,3.9930071942446044,729.0026709476667,1527.3069932672386,246.77251545255254,295.98342995873367,463.43924007221835,0.19379432639508928,0.30808372742169243,0.19682888640392185,0.44205226467521486,3.641862993121469,4.542851448770354,k0_280,280.0,203.0614786745632
clausius,4.11410812010825,454.4126974680453,1.9364497235832598,279.9999999698599,0.6446353956834533,4.028971223021583,737.7988415178402,1529.9604449988612,248.47448660925045,295.68572798774244,458.8196884472519,0.1932636421773391,0.3139196963330295,0.20236374765847198,0.4422716480249813,3.6841531390828814,4.572688360560739,k0_280,280.0,206.52114553159686
clausius,4.11410812010825,454.4126974680453,1.9364497235832598,279.9999999698599,0.6503896402877698,4.064935251798561,746.6102042185717,1532.588528164544,250.1754114622463,295.6071451533391,454.6218999451429,0.19288095905778677,0.31966331858682273,0.2079057107888784,0.44248392949889137,3.725735760760608,4.602233217644667,k0_280,280.0,209.94295291700587
clausius,4.11410812010825,454.4126974680453,1.9364497235832598,279.9999999698599,0.6561438848920864,4.10089928057554,755.4366200554967,1535.193531780363,251.8764782492425,295.7238402001356,450.79794051490813,0.19262968093487526,0.3253164973822875,0.2134544304119004,0.44268945448018604,3.7666380727443847,4.631491553113259,k0_280,280.0,213.32768505453737
clausius,4.11410812010825,454.4126974680453,1.9364497235832598,279.9999999698599,0.6618981294964028,4.136863309352518,764.2779624122292,1537.7774855508815,253.57874608592508,296.01460818137997,447.3056154566174,0.19249508525307743,0.3308804658078427,0.21900916140510954,0.4428889680912933,3.8068826599429153,4.660471532798812,k0_280,280.0,216.67611759791612
clausius,4.11410812010825,454.4126974680453,1.9364497235832598,279.9999999698599,0.6676523741007195,4.172827338129497,773.134115653238,1540.3421907777088,255.28315917309567,296.46056720678513,444.10773353567123,0.1924640959533181,0.33635753047532263,0.22456990376850428,0.44308247033221526,3.846495954340223,4.689176552309115,k0_280,280.0,219.98901590755963
clausius,4.11410812010825,454.4126974680453,1.9364497235832598,279.9999999698599,0.6734066187050359,4.208791366906475,782.0049738923967,1542.8892473359745,256.9905593244096,297.0448850369256,441.17147629849643,0.1925250860033002,0.34174885301867586,0.23013593955763081,0.44327067914740514,3.8854977566546043,4.717614636006595,k0_280,280.0,223.26713366167382
clausius,4.11410812010825,454.4126974680453,1.9364497235832598,279.9999999698599,0.6791608633093525,4.244755395683454,790.89043990632,1545.4200772522904,258.70169702702276,297.74803317064743,438.46784749122884,0.19266478904560003,0.34705678232355813,0.2357073839002338,0.4434534794091187,3.9239123774535,4.745788508195985,k0_280,280.0,226.5112117511335
clausius,4.11410812010825,454.4126974680453,1.9364497235832598,279.9999999698599,0.684915107913669,4.280719424460432,799.7904241742597,1547.9359453438435,260.41718935104575,298.5596744337141,435.97120212817083,0.19287598775115658,0.3522822681397366,0.24128344769899981,0.44363166021466927,3.961756589627064,4.773706618213352,k0_280,280.0,229.72197741485684
clausius,4.11410812010825,454.4126974680453,1.9364497235832598,279.9999999698599,0.6906693525179856,4.31668345323741,808.7048440289648,1550.4379773125381,262.13766781837614,299.47949062719374,433.6588330054621,0.19315799471469247,0.3574278074773145,0.24686443236228,0.44380492015570555,3.9990534356684115,4.801370536206653,k0_280,280.0,232.90014357905875
clausius,4.11410812010825,454.4126974680453,1.9364497235832598,279.9999999698599,0.6964235971223022,4.352647482014389,817.633622904816,1552.9271756296928,263.86374583713575,300.49272107503737,431.5106160956204,0.19350084523647496,0.36249468174867133,0.2524498502011138,0.44397374692118835,4.035819481743749,4.828786779909895,k0_280,280.0,236.04640836893918
clausius,4.11410812010825,454.4126974680453,1.9364497235832598,279.9999999698599,0.7021778417266187,4.388611510791367,826.5766896714922,1555.4044334963278,265.595885056141,301.5814566159976,429.5086964225015,0.1938926301875618,0.36748423169391975,0.25803928467940124,0.44413855704721744,4.072070834136441,4.855961365816127,k0_280,280.0,239.16145476619317
clausius,4.11410812010825,454.4126974680453,1.9364497235832598,279.9999999698599,0.7079320863309353,4.4245755395683455,835.5339780427686,1557.8705471323256,267.3344927761248,302.73679860681943,427.6372212702434,0.19432731375792867,0.372398668096806,0.26363296605263337,0.44429912027830193,4.107826826889089,4.8828962899092225,k0_280,280.0,242.24595038934785
clausius,4.11410812010825,454.4126974680453,1.9364497235832598,279.9999999698599,0.7136863309352518,4.4605395683453235,844.505426051612,1560.3262266112065,269.07992823596373,303.9508754318965,425.8821015054305,0.19479956835182605,0.37723906285853925,0.2692303626569637,0.4444559682782881,4.14310098237927,4.909598209534958,k0_280,280.0,245.30054737762453
clausius,4.11410812010825,454.4126974680453,1.9364497235832598,279.9999999698599,0.7194405755395684,4.496503597122302,853.4909755836709,1562.772105415186,270.8325081459874,305.2167197132905,424.2308054588846,0.19530468879990837,0.38200704423292,0.2748313677631013,0.4446092077764671,4.177908739902934,4.9360711202326994,k0_280,280.0,248.32588236153742
clausius,4.11410812010825,454.4126974680453,1.9364497235832598,279.9999999698599,0.7251948201438849,4.53246762589928,862.4905719623355,1565.2087488801833,272.59251156107854,306.52816059367245,422.6721792245917,0.19583851726677076,0.3867040184593592,0.2804357511155525,0.4447590690283324,4.212263987897613,4.962319725691344,k0_280,280.0,251.32257650600695
clausius,4.11410812010825,454.4126974680453,1.9364497235832598,279.9999999698599,0.7309490647482015,4.568431654676259,871.5041635794166,1567.636661662292,274.36018417432183,307.8797291323476,421.19628625130923,0.19639737744196276,0.3913313589857546,0.28604329085728003,0.4449057738909215,4.246179961613796,4.988348622765086,k0_280,280.0,254.29123561384358
clausius,4.11410812010825,454.4126974680453,1.9364497235832598,279.9999999698599,0.736703309352518,4.604395683453237,880.5317015661336,1570.0562943535353,276.13574210135505,309.25586320231525,419.79427205690723,0.19697119416323233,0.39589095035452093,0.291654173268889,0.44504913608362906,4.279671657855901,5.014159917512673,k0_280,280.0,257.2324502791023
clausius,4.11410812010825,454.4126974680453,1.9364497235832598,279.9999999698599,0.7424575539568344,4.640359712230215,889.5731394999304,1572.4692990838373,277.9192519386921,310.6618681997305,418.8926091045193,0.19756307381055416,0.4003839618275452,0.2972680969420258,0.44518945701480866,4.31275047959436,5.039758596412744,k0_280,280.0,260.14679608155643
clausius,4.11410812010825,454.4126974680453,1.9364497235832598,279.9999999698599,0.748211798561151,4.676323741007194,898.6284475255467,1574.8746262954128,279.7109908590654,312.1087887599739,417.1258006051374,0.19818008592477568,0.4048116805676503,0.3028848755960838,0.44532692296506726,4.345427949180979,5.065148892466852,k0_280,280.0,263.03485303714046
clausius,4.11410812010825,454.4126974680453,1.9364497235832598,279.9999999698599,0.7539660431654676,4.712287769784172,907.6975671416013,1577.2713017225183,281.51115256605584,313.5828701047573,415.8855125766851,0.19881352672954702,0.4091752017471223,0.3085042078227097,0.44546183534275785,4.377714387224129,5.090335652266586,k0_280,280.0,265.89714546122514
clausius,4.11410812010825,454.4126974680453,1.9364497235832598,279.9999999698599,0.7597202877697842,4.748251798561151,916.780457280507,1579.660988821296,283.3198559356782,315.07556005170426,414.69687072527967,0.19945770787617276,0.41347638083010285,0.31412639503025463,0.44559389273952954,4.409623036644504,5.115320126894493,k0_280,280.0,268.7342047318293
clausius,4.11410812010825,454.4126974680453,1.9364497235832598,279.9999999698599,0.7654745323741007,4.784215827338129,925.8770785847499,1582.043968083305,285.1371962488149,316.58341030433184,413.55407301148716,0.2001103741053938,0.4177162299817673,0.31975113581036557,0.4457233965637351,4.441163169500488,5.140107061701323,k0_280,280.0,271.54654848302357
clausius,4.11410812010825,454.4126974680453,1.9364497235832598,279.9999999698599,0.7712287769784173,4.820179856115108,934.9873932147768,1584.4204884685496,286.9632526967979,318.1050606877816,412.45196206806634,0.20077060540617714,0.42189588043800585,0.3253782438824358,0.4458505330959815,4.4723442770268,5.164700457649762,k0_280,280.0,274.3346808685567
clausius,4.11410812010825,454.4126974680453,1.9364497235832598,279.9999999698599,0.7769830215827338,4.856143884892086,944.1113646782275,1586.7907709066765,288.79810490695183,319.6435421912773,411.38595276400355,0.20144025794190631,0.42601652149933433,0.3310076041187185,0.4459754174640153,4.503175818206092,5.18910384071522,k0_280,280.0,277.0990928412425
clausius,4.11410812010825,454.4126974680453,1.9364497235832598,279.9999999698599,0.7827372661870504,4.892107913669065,953.248957678115,1589.1550114044192,290.6418669527155,321.2099897416686,410.35196778570537,0.20212627933495209,0.43007960166101544,0.33663933164695886,0.44609793454009156,4.5336680790948805,5.213319361152655,k0_280,280.0,279.84026244422785
clausius,4.11410812010825,454.4126974680453,1.9364497235832598,279.9999999698599,0.7884915107913669,4.928071942446043,962.4001379778205,1591.5133837958435,292.494746607599,322.8256268440871,409.34637789802207,0.20284191771867535,0.4340859988654571,0.34227312505880386,0.44621838573256306,4.563828684502616,5.2373515087225755,k0_280,280.0,282.558655110834
clausius,4.11410812010825,454.4126974680453,1.9364497235832598,279.9999999698599,0.7942457553956834,4.964035971223021,971.5648722809244,1593.86604219159,294.35710219552084,324.4992589167798,408.36595709619274,0.20359255440977236,0.43803698989534967,0.34790901993068335,0.4463367354650001,4.593666713121318,5.261202784096902,k0_280,280.0,285.2547239700423
clausius,4.11410812010825,454.4126974680453,1.9364497235832598,279.9999999698599,0.8,5.0,980.7431281243892,1596.2158797968016,296.2292428270522,326.1997503422119,408.3659570961848,0.20435816638018736,0.4419336813871705,0.3535469451097364,0.44645305489026366,4.6231903083642765,5.28487624804051,k0_280,280.0,287.9289101554864
clausius,3.5073713953624717,436.714809276499,2.1436242133464485,315.00000015594054,0.00016,0.001,0.14923249049185972,939.4570640681238,0.0007669095814780442,0.12164177722983041,-398.68227040208916,0.00012948093306477035,0.30710725612577405,4.913716098012385e-05,0.00011086283901987616,0.0656189256555052,0.12437972177693468,k0_315,315.0,-5.296934425876884
clausius,3.5073713953624717,436.714809276499,2.1436242133464485,315.00000015594054,0.005914244604316546,0.036964028776978415,5.548497782090084,937.1629487648258,-0.005524750557036589,-2.308431033214863,-398.6822704020992,-0.0024632120126573064,0.0,0.0,0.005914244604316546,0.0,0.445940735147276,k0_315,315.0,0.1583200059868659
clausius,3.5073713953624717,436.714809276499,2.1436242133464485,315.00000015594054,0.011668489208633092,0.07292805755395683,10.934562173082625,934.8950737574671,-0.025799644053148944,-4.551538008717221,-389.56194349777496,-0.00486850143559318,0.0,0.0,0.011668489208633092,0.0,0.5616540756701301,k0_315,315.0,-0.8982057940680761
clausius,3.5073713953624717,436.714809276499,2.1436242133464485,315.00000015594054,0.01742273381294964,0.10889208633093525,16.307727649632135,932.7007812819463,-0.05790607661304208,-6.453411207186075,-373.1072255795826,-0.00691905843406308,0.0,0.0,0.01742273381294964,0.0,0.644682624391348,k0_315,315.0,-1.9971990210150352
clausius,3.5073713953624717,436.714809276499,2.1436242133464485,315.00000015594054,0.023176978417266184,0.14485611510791366,21.668539049349558,930.6136728684173,-0.10006865728992174,-8.062788336780699,-352.3080311731582,-0.00866394785704027,0.0,0.0,0.023176978417266184,0.0,0.7120760845643501,k0_315,315.0,-3.0835212752704138
clausius,3.5073713953624717,436.714809276499,2.1436242133464485,315.00000015594054,0.02893122302158273,0.18082014388489207,27.01768506124472,928.6535141102611,-0.1506965891783755,-9.390319168043447,-328.9833955712631,-0.010111757534283679,0.0,0.0,0.02893122302158273,0.0,0.7700537619508175,k0_315,315.0,-4.140928743679751
clausius,3.5073713953624717,436.714809276499,2.1436242133464485,315.00000015594054,0.03468546762589928,0.2167841726618705,32.3559379950467,926.8315868643251,-0.20813704410097028,-10.424376855242963,-304.2629716649518,-0.011247325838894767,0.0,0.0,0.03468546762589928,0.0,0.8216704316821469,k0_315,315.0,-5.161546039331597
clausius,3.5073713953624717,436.714809276499,2.1436242133464485,315.00000015594054,0.04043971223021583,0.2527482014388489,37.684116376893094,925.1538802499285,-0.27066541772366376,-11.157030240883037,-278.8567007726478,-0.012059648107262963,0.0,0.0,0.04043971223021583,0.0,0.8686801422061295,k0_315,315.0,-6.140837344134297
clausius,3.5073713953624717,436.714809276499,2.1436242133464485,315.00000015594054,0.04619395683453237,0.2887122302158273,43.00306144222803,923.6230547369513,-0.3365376062285657,-11.588808457105275,-253.21157864281727,-0.012547119084641924,0.0,0.0,0.04619395683453237,0.0,0.9121944072052061,k0_315,315.0,-7.076035286048068
clausius,3.5073713953624717,436.714809276499,2.1436242133464485,315.00000015594054,0.051948201438848915,0.3246762589928057,48.313622335178025,922.2396843902419,-0.4040350947931757,-11.726322030736204,-227.6057803103052,-0.012715048191066846,0.0,0.0,0.051948201438848915,0.0,0.9529675976156675,k0_315,315.0,-7.965446406250521
clausius,3.5073713953624717,436.714809276499,2.1436242133464485,315.00000015594054,0.05770244604316546,0.36064028776978413,53.61664689780632,921.0184707239493,-0.4714898567762498,-11.593849223633248,-196.85086005441696,-0.012588074606712414,0.0,0.0,0.05770244604316546,0.0,0.9915384121145289,k0_315,315.0,-8.808075316299096
clausius,3.5073713953624717,436.714809276499,2.1436242133464485,315.00000015594054,0.06345669064748201,0.39660431654676254,58.91315346645635,919.9211197872726,-0.5374627834698781,-11.191006202712728,-184.55487158707783,-0.012165180211647489,0.0,0.0,0.06345669064748201,0.0,1.028307021074397,k0_315,315.0,-9.600600892759417
clausius,3.5073713953624717,436.714809276499,2.1436242133464485,315.00000015594054,0.06921093525179856,0.43256834532374094,64.20354917767182,918.9466710262917,-0.6002814308939153,-10.504219210378789,-154.1338105901977,-0.011430716864829098,0.0,0.0,0.06921093525179856,0.0,1.0635802656528737,k0_315,315.0,-10.349637465657793
clausius,3.5073713953624717,436.714809276499,2.1436242133464485,315.00000015594054,0.0749651798561151,0.4685323741007194,69.48884131327173,918.1355799368217,-0.6583504768976388,-9.546972180773395,-127.77672510776677,-0.010398216112516123,0.0,0.0,0.0749651798561151,0.0,1.097599672783501,k0_315,315.0,-11.05176287650363
clausius,3.5073713953624717,436.714809276499,2.1436242133464485,315.00000015594054,0.08071942446043165,0.5044964028776978,74.76990259143682,917.4722292361905,-0.7101526572114663,-8.330628105558986,-102.78375545807498,-0.009079978488825063,0.0,0.0,0.08071942446043165,0.0,1.1305596255365093,k0_315,315.0,-11.70619784227108
clausius,3.5073713953624717,436.714809276499,2.1436242133464485,315.00000015594054,0.08647366906474818,0.5404604316546762,80.04756056265697,916.9504010602706,-0.7542234205515999,-6.8627803176432,-78.58780998681503,-0.007484352817456387,0.0,0.0,0.08647366906474818,0.0,1.1626195984964822,k0_315,315.0,-12.31289283307251
clausius,3.5073713953624717,436.714809276499,2.1436242133464485,315.00000015594054,0.09222791366906474,0.5764244604316546,85.32261638689073,916.5662037769381,-0.7891328904382826,-5.148199832306431,-54.94745302306228,-0.00561683358069717,0.0,0.0,0.09222791366906474,0.0,1.1939126609623596,k0_315,315.0,-12.872096824740424
clausius,3.5073713953624717,436.714809276499,2.1436242133464485,315.00000015594054,0.0979821582733813,0.6123884892086331,90.59585282782169,916.3168596467407,-0.8134714227655853,-3.189283138871991,-31.71696510494195,-0.0034805461727524323,0.0,0.0,0.0979821582733813,0.0,1.224551548389992,k0_315,315.0,-13.384188057492906
clausius,3.5073713953624717,436.714809276499,2.1436242133464485,315.00000015594054,0.10373640287769784,0.6483525179856114,95.86803907782381,916.2003276295453,-0.8258367210252664,-0.9862227729215671,-8.786011466155651,-0.0010764270031131604,0.0,0.0,0.10373640287769784,0.0,1.254633100704004,k0_315,315.0,-13.849591672757356
clausius,3.5073713953624717,436.714809276499,2.1436242133464485,315.00000015594054,0.10949064748201438,0.6843165467625899,101.1399344112924,916.2151593881389,-0.8248213569050613,1.4629527217785627,13.941078591241675,0.001596734900954425,0.0,0.0,0.10949064748201438,0.0,1.2842415748536966,k0_315,315.0,-14.268734022179615
clausius,3.5073713953624717,436.714809276499,2.1436242133464485,315.00000015594054,0.11524489208633093,0.7202805755395683,106.41229135242826,916.3604391350792,-0.8090003454139374,4.169362498815737,36.55373243272523,0.004549915427111905,0.0,0.0,0.11524489208633093,0.0,1.31345116359324,k0_315,315.0,-14.642014878074633
clausius,3.5073713953624717,436.714809276499,2.1436242133464485,315.00000015594054,0.12099913669064748,0.7562446043165467,111.68585863629674,916.6357590154838,-0.7768382935805609,7.131633483788613,59.13906456730055,0.0077802261297861336,0.0,0.0,0.12099913669064748,0.0,1.3423279434039685,k0_315,315.0,-14.969789281732915
clausius,3.5073713953624717,436.714809276499,2.1436242133464485,315.00000015594054,0.12675338129496402,0.7922086330935252,116.96138409330516,917.0412118974834,-0.7269260184258297,10.340470424138323,81.78399653939654,0.011275905913478499,0.0,0.0,0.12675338129496402,0.0,1.3709314047274306,k0_315,315.0,-15.252354940119517
clausius,3.5073713953624717,436.714809276499,2.1436242133464485,315.00000015594054,0.13250762589928056,0.8281726618705034,122.23961752729073,917.5773941460958,-0.6578351012921755,13.820271848317669,104.57660697446514,0.015061696088512419,0.0,0.0,0.13250762589928056,0.0,1.3993156719493929,k0_315,315.0,-15.489942954638423
clausius,3.5073713953624717,436.714809276499,2.1436242133464485,315.00000015594054,0.13826187050359712,0.864136690647482,127.52131363192117,918.2454152256149,-0.5678755689990901,17.599252529509794,127.6071549108103,0.019166175226897942,0.0,0.0,0.13826187050359712,0.0,1.427530489926223,k0_315,315.0,-15.682710587923907
clausius,3.5073713953624717,436.714809276499,2.1436242133464485,315.00000015594054,0.14401611510791365,0.9001007194244603,132.80723497929154,919.0469128390653,-0.45529429347630335,21.69176830738614,150.968980990357,0.02360246033619461,0.0,0.0,0.14401611510791365,0.0,1.4556220328955025,k0_315,315.0,-15.830735263363522
clausius,3.5073713953624717,436.714809276499,2.1436242133464485,315.00000015594054,0.1497703597122302,0.9360647482014388,138.09815511055712,919.984076385651,-0.3182360875173673,26.117318320223767,174.76049734383335,0.028388880841102263,0.0,0.0,0.1497703597122302,0.0,1.4836335770399498,k0_315,315.0,-15.934009266587509
clausius,3.5073713953624717,436.714809276499,2.1436242133464485,315.00000015594054,0.15552460431654674,0.9720287769784172,143.39486179449008,921.0596897636706,-0.15472341742957274,30.898805539064462,199.08992160100644,0.03354701750870523,0.0,0.0,0.15552460431654674,0.0,1.5116060676781184,k0_315,315.0,-15.992434543465606
clausius,3.5073713953624717,436.714809276499,2.1436242133464485,315.00000015594054,0.16127884892086328,1.0079928057553955,148.69816061070924,922.2771623565034,0.037362482588607616,36.0624914156957,224.06643568061855,0.039101576931117654,0.0,0.0,0.16127884892086328,0.0,1.539578604681951,k0_315,315.0,-16.005816598599154
clausius,3.5073713953624717,436.714809276499,2.1436242133464485,315.00000015594054,0.16703309352517984,1.043956834532374,154.00887856483865,923.6405439722353,0.26030137586438484,41.63821711592601,249.803449763329,0.04508054284500709,0.0,0.0,0.16703309352517984,0.0,1.567588864379123,k0_315,315.0,-15.973859463830195
clausius,3.5073713953624717,436.714809276499,2.1436242133464485,315.00000015594054,0.17278733812949637,1.0799208633093522,159.3278678436697,925.1545593089377,0.5165554549339639,47.65973529752643,276.42212485488784,0.05151543038724989,0.0,0.0,0.17278733812949637,0.0,1.5956734722913755,k0_315,315.0,-15.896160861853105
clausius,3.5073713953624717,436.714809276499,2.1436242133464485,315.00000015594054,0.1785415827338129,1.1158848920863307,164.65600982696324,926.8246562617247,0.8087929252222762,54.165121619918885,304.0526611966147,0.05844160624555425,0.0,0.0,0.1785415827338129,0.0,1.6238683381841632,k0_315,315.0,-15.772206867638374
clausius,3.5073713953624717,436.714809276499,2.1436242133464485,315.00000015594054,0.18429582733812946,1.1518489208633091,169.99421939855284,928.6570621826311,1.1399141725810995,61.19726317257367,332.83577400613945,0.06589866772642765,0.0,0.0,0.18429582733812946,0.0,1.6522089627797585,k0_315,315.0,-15.601365945943598
clausius,3.5073713953624717,436.714809276499,2.1436242133464485,315.00000015594054,0.19005007194244602,1.1878129496402876,175.343449605613,930.6588491237876,1.5130809680417214,68.80443076887349,362.92434006856485,0.07393088330235364,0.0,0.0,0.19005007194244602,0.0,1.6807307239221858,k0_315,315.0,-15.38288224003793
clausius,3.5073713953624717,436.714809276499,2.1436242133464485,315.00000015594054,0.19580431654676259,1.223776978417266,180.70469672061287,932.8380092709269,1.9317492215908247,77.0409481854009,394.4852929874268,0.08258770270908382,0.0,0.0,0.19580431654676259,0.0,1.709469148842716,k0_315,315.0,-15.115867987228853
clausius,3.5073713953624717,436.714809276499,2.1436242133464485,315.00000015594054,0.2015585611510791,1.2597410071942443,186.0790057687102,935.2035420539274,2.399705888856267,85.96797875209873,427.70178652116084,0.0919243511025341,0.0,0.0,0.2015585611510791,0.0,1.73846017836437,k0_315,315.0,-14.799294924347691
clausius,3.5073713953624717,436.714809276499,2.1436242133464485,315.00000015594054,0.20731280575539565,1.2957050359712228,191.46747659221592,937.7655546535626,2.9211107773473497,95.65447259136043,462.7756873483857,0.1020025443637647,0.0,0.0,0.20731280575539565,0.0,1.767740428336826,k0_315,315.0,-14.431984533918921
clausius,3.5073713953624717,436.714809276499,2.1436242133464485,315.00000015594054,0.2130670503597122,1.3316690647482012,196.87127053466858,940.5353779862013,3.500544354431431,106.1783839895744,499.9304619726216,0.11289143021596382,3.618467921178522e-06,7.709762867867473e-07,0.21306627938342543,0.008219955721984707,1.797343520104234,k0_315,315.0,-14.012596962791577
clausius,3.5073713953624717,436.714809276499,2.1436242133464485,315.00000015594054,0.21882129496402875,1.3676330935251797,202.29161784010776,943.5257006921131,4.143063563681467,117.62821985766482,539.4145473328344,0.12466880316177917,1.6092099733945597e-05,3.521294102472278e-06,0.21881777366992627,0.01756704453621043,1.827302096621403,k0_315,315.0,-13.539618420767624
clausius,3.5073713953624717,436.714809276499,2.1436242133464485,315.00000015594054,0.22457553956834528,1.403597122302158,207.72982587915172,946.7507241710102,4.854267453294084,130.1049699767958,581.5052955532566,0.137422625254095,3.874729242318668e-05,8.701694102749605e-06,0.22456683787424253,0.02761511099158847,1.8576541431139109,k0_315,315.0,-13.01134683488931
clausius,3.5073713953624717,436.714809276499,2.1436242133464485,315.00000015594054,0.23032978417266184,1.4395611510791364,213.1872883324954,950.2263424081765,5.6403752066489545,143.72475102555356,626.5136456502755,0.1512531747555106,7.21677081175939e-05,1.662237263496106e-05,0.23031316180002687,0.038166937928852424,1.8884400362345681,k0_315,315.0,-12.42587549735174
clausius,3.5073713953624717,436.714809276499,2.1436242133464485,315.00000015594054,0.23608402877697837,1.4755251798561149,218.6654954865151,953.9703511991127,6.5083221994851455,158.62269429066652,674.7896698631362,0.16627633562330577,0.00011853394820585312,2.798397203927949e-05,0.23605604480493908,0.04952102730589134,1.9197001885474971,k0_315,315.0,-11.781074394143047
clausius,3.5073713953624717,436.714809276499,2.1436242133464485,315.00000015594054,0.24183827338129493,1.5114892086330933,224.1660458246263,958.0026924446239,7.465882772137396,174.95865760432915,726.7292167301499,0.1826285656440808,0.00017908222891448047,4.3308937033951767e-05,0.241794964444261,0.06160498348146429,1.9514781631981317,k0_315,315.0,-11.074568841325004
clausius,3.5073713953624717,436.714809276499,2.1436242133464485,315.00000015594054,0.2475925179856115,1.5474532374100718,229.69065913435554,962.3457404863375,8.521832022481505,192.925325129466,782.781879983074,0.20047402613531387,0.00025563242859868394,6.32926766755252e-05,0.24752922530893598,0.07447208904507374,1.9838192456727997,k0_315,315.0,-10.303714978561288
clausius,3.5073713953624717,436.714809276499,2.1436242133464485,315.00000015594054,0.253346762589928,1.58341726618705,235.24119139398732,967.0246388403264,9.686161794461881,212.7588160751438,843.4605465133596,0.22001385231537438,0.00035130953380931945,8.900313305756794e-05,0.25325775945687046,0.08830925737036378,2.01676981460743,k0_315,315.0,-9.4655715780616
clausius,3.5073713953624717,436.714809276499,2.1436242133464485,315.00000015594054,0.25910100719424456,1.6193812949640285,240.81965175493173,972.0676968908264,10.970364561323844,234.75074713677787,909.3526886840585,0.2414962948441058,0.00046869744654702615,0.00012143998046970507,0.25897956721377485,0.1031496493183363,2.0503798320424225,k0_315,315.0,-8.556867521582262
clausius,3.5073713953624717,436.714809276499,2.1436242133464485,315.00000015594054,0.2648552517985611,1.655345323741007,246.42822199371625,977.5068562767059,12.387788234604052,259.258781293555,981.1332951058228,0.2652245144152378,0.0006117966465556979,0.00016203755487302466,0.2646932142436881,0.11914447040408671,2.0847007556381634,k0_315,315.0,-7.57396419256122
clausius,3.5073713953624717,436.714809276499,2.1436242133464485,315.00000015594054,0.2706094964028777,1.6913093525179854,252.06927886175708,983.378228909078,13.954041448084096,286.71062654194293,1059.5768366698044,0.2915568172177339,0.0007844961440316219,0.0002122921064663966,0.2703972042964113,0.13636633320171637,2.1197877188830447,k0_315,315.0,-6.512811958078146
clausius,3.5073713953624717,436.714809276499,2.1436242133464485,315.00000015594054,0.27636374100719424,1.7272733812949639,257.7454197291211,989.7226818791906,15.687394386162444,317.59537324690774,1145.56159812966,0.3208932957299595,0.0009924359355571613,0.00027427330786055184,0.2760894676993337,0.1549887573206015,2.1556974094910015,k0_315,315.0,-5.368900168377877
clausius,3.5073713953624717,436.714809276499,2.1436242133464485,315.00000015594054,0.28211798561151075,1.7632374100719421,263.4594916657031,996.5864710884462,17.609084373807924,352.4370680025376,1240.082280862437,0.35364424284991036,0.0012426300178794588,0.00035056827750454847,0.2817674173340062,0.17520867126275924,2.1924886720199988,k0_315,315.0,-4.13720109111091
clausius,3.5073713953624717,436.714809276499,2.1436242133464485,315.00000015594054,0.2878722302158273,1.7992014388489206,269.2146243771122,1004.021873397346,19.743412579991926,391.74867451519304,1344.236885315167,0.39017942227654717,0.0015425382659360859,0.00044405393080827597,0.28742817628501904,0.19716927360791958,2.230223935218389,k0_315,315.0,-2.8121071793790406
clausius,3.5073713953624717,436.714809276499,2.1436242133464485,315.00000015594054,0.29362647482014387,1.835165467625899,275.0142665609281,1012.0876369480375,22.117519766962353,435.96900743498924,1459.1766312534282,0.43076211142116017,0.0019019389399915628,0.0005584596262728838,0.293068015193871,0.22108470412492,2.268966665198336,k0_315,315.0,-1.3873640672776446
clausius,3.5073713953624717,436.714809276499,2.1436242133464485,315.00000015594054,0.29938071942446043,1.8711294964028777,280.8622240251197,1020.8489710457711,24.760757197355993,485.3892032979462,1585.9960022340308,0.4754760175745753,0.0023334171414062643,0.0006985801025115753,0.29868213932194887,0.24722891841393002,2.3087803364692814,k0_315,315.0,0.1439945934350817
clausius,3.5073713953624717,436.714809276499,2.1436242133464485,315.00000015594054,0.30513496402877693,1.9070935251798558,286.7626959278525,1030.3766433739083,27.703616175103768,540.0775895883991,1725.53243748161,0.5241555047481923,0.0028513352723172976,0.0008700420857525215,0.3042649219430244,0.2758504931850728,2.3497294555885646,k0_315,315.0,1.7896987668979136
clausius,3.5073713953624717,436.714809276499,2.1436242133464485,315.00000015594054,0.3108892086330935,1.9430575539568342,292.7203025062159,1040.7446155478929,30.97623430895864,599.8121443355003,1878.058611189497,0.5763298078844572,0.0034745496959759847,0.0010802000053383295,0.3098090086277552,0.3072901554041488,2.391874464134399,k0_315,315.0,3.5582605560289267
clausius,3.5073713953624717,436.714809276499,2.1436242133464485,315.00000015594054,0.31664345323741006,1.979021582733813,298.7400941048285,1052.0256550887748,34.606547765395966,664.0285892219936,2042.8868183528111,0.6311904904695121,0.004224771219909398,0.0013377461482101374,0.3153057070891999,0.34186331969708394,2.4352727214437095,k0_315,315.0,5.4589316484047
clausius,3.5073713953624717,436.714809276499,2.1436242133464485,315.00000015594054,0.3223976978417266,2.014985611510791,304.82752840501024,1064.2846414449957,38.61820016224383,731.7902846681907,2217.963110417985,0.6875888800524526,0.0051305655756642525,0.0016540825302201678,0.32074361531150647,0.3800002762496474,2.47996943402937,k0_315,315.0,7.501566685063494
clausius,3.5073713953624717,436.714809276499,2.1436242133464485,315.00000015594054,0.3281519424460431,2.0509496402877696,310.9884024158121,1077.569878805676,43.02834835948236,801.7841110426796,2399.5803811166925,0.7440669294981933,0.006225464648482559,0.002042898317028725,0.32610904412901437,0.422116508656305,2.5259969767468986,k0_315,315.0,9.696363147223678
clausius,3.5073713953624717,436.714809276499,2.1436242133464485,315.00000015594054,0.3339061870503597,2.086913669064748,317.2287297267934,1091.9034790858618,47.845523951831964,872.3447298881155,2582.3421007460834,0.798921101175023,0.007550332465808479,0.0025211027246206494,0.33138508432573904,0.46866634903580584,2.573365557145286,k0_315,315.0,12.05346420534886
clausius,3.5073713953624717,436.714809276499,2.1436242133464485,315.00000015594054,0.33966043165467624,2.1228776978417265,323.5545618217407,1107.2724442029316,53.06771826960771,941.5082135399447,2759.4416341808464,0.8502949915074315,0.009153620662759172,0.003109122745515944,0.3365513089091603,0.520107740336521,2.6220554779464424,k0_315,315.0,14.582437246296763
clausius,3.5073713953624717,436.714809276499,2.1436242133464485,315.00000015594054,0.34541467625899275,2.1588417266187045,329.9717627019196,1123.622147220682,58.68086106719581,1007.0948103133959,2923.2166961535163,0.8962931291488686,0.011093070678947404,0.0038317094172867425,0.341582966841706,0.576914655468117,2.6720042649088596,k0_315,315.0,17.291669351379824
clausius,3.5073713953624717,436.714809276499,2.1436242133464485,315.00000015594054,0.3511689208633093,2.194805755395683,336.48575517761105,1140.853439872112,64.65785802616979,1066.8190287480838,3065.8553146223835,0.9351061157055132,0.013432467251180271,0.004717065029128719,0.3464518558341806,0.6394619155452359,2.7231017041060883,k0_315,315.0,20.187741530197627
clausius,3.5073713953624717,436.714809276499,2.1436242133464485,315.00000015594054,0.35692316546762587,2.2307697841726615,343.1012622033198,1158.8238423471137,70.9583363471076,1118.4230372318916,3180.1087382493906,0.9651363704828568,0.016241999136492654,0.005797145745319404,0.35112601972230645,0.7080409194708818,2.775176443364163,k0_315,315.0,23.27484959908054
clausius,3.5073713953624717,436.714809276499,2.1436242133464485,315.00000015594054,0.3626774100719424,2.26673381294964,349.8220668619695,1177.352538493962,77.52921748083963,1159.8262742598854,3259.901174762973,0.9851138349295993,0.019591271429790755,0.007105311582172951,0.35557209848976945,0.7827285259160913,2.8279991695595075,k0_315,315.0,26.55433160994835
clausius,3.5073713953624717,436.714809276499,2.1436242133464485,315.00000015594054,0.36843165467625894,2.3026978417266184,356.6508111873343,1196.2284263119682,84.30618450831659,1189.2799932559142,3300.7819786268883,0.9941913827633436,0.023545013253043822,0.008674728192193382,0.35975692648406554,0.8633759226612481,2.881283839316547,k0_315,315.0,30.024344978510385
clausius,3.5073713953624717,436.714809276499,2.1436242133464485,315.00000015594054,0.3741858992805755,2.338661870503597,363.588848797241,1215.2202944551605,91.2160334492686,1205.5110174530284,3300.212400008165,0.9920102741482892,0.02815195180924555,0.01053406340424597,0.36365183587632954,0.9495070131384555,2.9347127162360103,k0_315,315.0,33.679717210860076
clausius,3.5073713953624717,436.714809276499,2.1436242133464485,315.00000015594054,0.37994014388489206,2.3746258992805753,370.63616083218346,1234.0882222094544,98.1797950435631,1207.836050445612,3257.704077904514,0.9787274756444545,0.033438854240376674,0.012704763091434647,0.3672353807934574,1.0403611458741215,2.9879594024801492,k0_315,315.0,37.5119768140969
clausius,3.5073713953624717,436.714809276499,2.1436242133464485,315.00000015594054,0.3856943884892086,2.410589928057554,377.7913397850397,1252.595415149828,105.11640160161997,1196.2287504057954,3174.8319760861136,0.9550001029364374,0.039404776161275024,0.015198201045077115,0.3704961874441315,1.1349386764976606,3.0407213377068603,k0_315,315.0,41.50955746303259
clausius,3.5073713953624717,436.714809276499,2.1436242133464485,315.00000015594054,0.3914486330935252,2.4465539568345323,385.0516416502186,1270.5198003332357,111.94658070866488,1171.327765604306,3055.1378691128593,0.9219279898645316,0.046018005565053796,0.018013685376130545,0.3734349477173946,1.2320731809791723,3.092753400916919,k0_315,315.0,45.65815868929542
clausius,3.5073713953624717,436.714809276499,2.1436242133464485,315.00000015594054,0.3972028776978416,2.4825179856115103,392.41310319652933,1287.66476493876,118.59661455184934,1134.3839712641309,2903.929144709643,0.8809621899672629,0.05322064696497414,0.02113939412742863,0.37606348357041297,1.330569195675722,3.1438824915114947,k0_315,315.0,49.94123917461661
clausius,3.5073713953624717,436.714809276499,2.1436242133464485,315.00000015594054,0.4029571223021582,2.5184820143884887,399.87071770185327,1303.868420224865,125.00162640040439,1087.1558069065347,2727.9674465344738,0.8337925744984636,0.06093808150925465,0.02455543396358361,0.37840168833857457,1.4293368497236862,3.194003135785698,k0_315,315.0,54.340612860564875
clausius,3.5073713953624717,436.714809276499,2.1436242133464485,315.00000015594054,0.40871136690647475,2.554446043165467,407.4186588401647,1319.010730529215,131.10813542373603,1031.769073297558,2535.0379853134336,0.7822294765438265,0.06908441035294924,0.0282355837872817,0.38047578311919306,1.527427058923836,3.2430780433676065,k0_315,315.0,58.83711251758302
clausius,3.5073713953624717,436.714809276499,2.1436242133464485,315.00000015594054,0.4144656115107913,2.5904100719424457,415.05053846022,1333.0178181260712,136.87572964625073,970.5599366134778,2333.398641919586,0.7280922455919387,0.07757366575914262,0.03215161681599678,0.38231399469479455,1.6241047659732544,3.2911120758012866,k0_315,315.0,63.41127980991371
clausius,3.5073713953624717,436.714809276499,2.1436242133464485,315.00000015594054,0.42021985611510787,2.626374100719424,422.75968001498427,1345.8628217961782,142.2778139805839,905.9179558690386,2131.1330397788893,0.6731131443693551,0.08632475596385653,0.03627537653030359,0.38394447958480427,1.718835392937498,3.3381385098986898,k0_315,315.0,68.04403590862375
clausius,3.5073713953624717,436.714809276499,2.1436242133464485,315.00000015594054,0.42597410071942443,2.6623381294964026,430.53938622116186,1357.5629438930787,147.30147666527654,840.1418943761574,1935.4727100440134,0.618860361617477,0.0952626162371191,0.04057940728378645,0.385394693435638,1.8112406030465809,3.3842136871279442,k0_315,315.0,72.71728420584054
clausius,3.5073713953624717,436.714809276499,2.1436242133464485,315.00000015594054,0.431728345323741,2.698302158273381,438.383178504818,1368.1728223325995,151.94657790573248,775.316918842526,1752.197581747787,0.5666805437055,0.10432456027441153,0.045039869783898574,0.3866884755398424,1.901111102371999,3.429390640935496,k0_315,315.0,77.4143994786507
clausius,3.5073713953624717,436.714809276499,2.1436242133464485,315.00000015594054,0.43748258992805755,2.7342661870503595,446.2849883825217,1377.7750497904551,156.22420305904643,713.2185551610983,1585.243948160777,0.5176596537073096,0.11345647012964363,0.049635230396411795,0.38784735953164573,1.9883353620425703,3.473726675433159,k0_315,315.0,82.12056858288156
clausius,3.5073713953624717,436.714809276499,2.1436242133464485,315.00000015594054,0.44323683453237406,2.770230215827338,454.2392877972553,1386.4693113639992,160.15464595120085,655.2465617920122,1436.616320697201,0.4726008404379215,0.12261332724850127,0.05434674304110779,0.3888900914912663,2.0728816528745684,3.517276057536834,k0_315,315.0,86.82296688290603
clausius,3.5073713953624717,436.714809276499,2.1436242133464485,315.00000015594054,0.44899107913669056,2.806194244604316,462.2411554904551,1394.3619140020633,163.7651010444237,602.3903218747631,1306.6117416449185,0.432018628611131,0.13175818292812722,0.05915824873798932,0.38983283039870126,2.15477396494507,3.5600885377937543,k0_315,315.0,91.51077865342336
clausius,3.5073713953624717,436.714809276499,2.1436242133464485,315.00000015594054,0.4547453237410071,2.8421582733812945,470.286286837477,1401.557236655881,167.08724846988156,555.2259568338791,1194.2630555185106,0.39614932755700333,0.14086238125621642,0.0640565091672873,0.39068881457371984,2.2340833025828424,3.602203799912685,k0_315,315.0,96.1750916064857
clausius,3.5073713953624717,436.714809276499,2.1436242133464485,315.00000015594054,0.4604995683453237,2.878122302158273,478.370961823791,1408.1519283342288,170.15491297699938,513.9437248720631,1097.8507254635372,0.3649774676515424,0.14990250301643415,0.06903003793295151,0.3914695304123722,2.3108988192701,3.6436588702184043,k0_315,315.0,100.80870842655327
clausius,3.5073713953624717,436.714809276499,2.1436242133464485,315.00000015594054,0.46625381294964025,2.9140863309352514,486.4919881088274,1414.2318626997412,173.0019642814164,478.4021573589227,1015.349106518417,0.3382770322015389,0.15886000496538272,0.07406908304030847,0.3921847299093318,2.385323203901007,3.684486292347236,k0_315,315.0,105.40591883025104
clausius,3.5073713953624717,436.714809276499,2.1436242133464485,315.00000015594054,0.4720080575539568,2.95005035971223,494.6466339541761,1419.8712726734464,175.66059904235135,448.2028202766127,944.73787673842,0.3156644048672813,0.1677198053622017,0.07916509954234054,0.3928429580116163,2.4574622439836338,3.7247168580642938,k0_315,315.0,109.96226682556448
clausius,3.5073713953624717,436.714809276499,2.1436242133464485,315.00000015594054,0.4777623021582733,2.9860143884892083,502.83256132803785,1425.1332793699307,178.1601016018487,422.77691568294136,884.1752329118559,0.2966578086435932,0.1764716588914797,0.08431150601768286,0.3934507961405904,2.5274340395399824,3.764372035445679,k0_315,315.0,114.47433515894954
clausius,3.5073713953624717,436.714809276499,2.1436242133464485,315.00000015594054,0.48351654676258987,3.0219784172661868,511.0477649206688,1430.0711172154117,180.52612261414765,401.4728951889648,832.0666667751141,0.28073631468811133,0.1851064950613187,0.08950205327537522,0.3940144934872146,2.5953455833834984,3.803476321972578,k0_315,315.0,118.93955737898864
clausius,3.5073713953624717,436.714809276499,2.1436242133464485,315.00000015594054,0.48927079136690643,3.0579424460431652,519.2905193480893,1434.7295734191487,182.7804480836896,383.6338436040643,787.0706914951,0.2673910475615377,0.19361845659507293,0.09473185548151036,0.39453893588539607,2.6613073846197604,3.8420478493913075,k0_315,315.0,123.35605989745454
clausius,3.5073713953624717,436.714809276499,2.1436242133464485,315.00000015594054,0.495025035971223,3.0939064748201437,527.5593347336699,1439.1463730897551,184.94116856333147,368.6554386151647,748.0742230187358,0.25616257352869887,0.2020024436665187,0.09999626694229337,0.39502876902892964,2.725419333865377,3.880106807904368,k0_315,315.0,127.72253198995395
clausius,3.5073713953624717,436.714809276499,2.1436242133464485,315.00000015594054,0.5007792805755394,3.1298705035971213,535.8529198524361,1443.3533936570134,187.0231152206961,356.01980423085024,714.1578705246139,0.24666156313167742,0.2102560865658979,0.10529189176709869,0.39548738880844075,2.7877840741314284,3.9176666368027697,k0_315,315.0,132.03811986108326
clausius,3.5073713953624717,436.714809276499,2.1436242133464485,315.00000015594054,0.5065335251798561,3.1658345323741,544.1701516888155,1447.3776802633702,189.03841863838187,345.3062922891137,684.5614690547537,0.23857373026940729,0.21837693292222682,0.11061523765106052,0.39591828752879554,2.848491422587114,3.9547443898259846,k0_315,315.0,136.30234059156442
clausius,3.5073713953624717,436.714809276499,2.1436242133464485,315.00000015594054,0.5122877697841726,3.2017985611510786,552.5100502665636,1451.2422755025368,190.99706895917848,336.185021079602,658.6540196533716,0.23165327165182512,0.2263642202232738,0.11596362153711423,0.3963241482470583,2.9076301461736596,3.9913530017925605,k0_315,315.0,140.51501217633336
clausius,3.5073713953624717,436.714809276499,2.1436242133464485,315.00000015594054,0.5180420143884892,3.237762589928057,560.8717577555486,1454.9668915988286,192.90740032558057,328.4011053891067,635.9089864092143,0.22571036309165393,0.23421729651846118,0.1213344000930497,0.3967076142954395,2.9652799607857476,4.0275070783568045,k0_315,315.0,144.67619648112304
clausius,3.5073713953624717,436.714809276499,2.1436242133464485,315.00000015594054,0.5237962589928057,3.2737266187050356,569.2545210374471,1458.5684547577905,194.7764695366522,321.75664662573365,615.8845700413309,0.22059756302570283,0.24193682356387936,0.1267256030953625,0.39707065589744317,3.0215193063387473,4.063217574505785,k0_315,315.0,148.78615256254784
clausius,3.5073713953624717,436.714809276499,2.1436242133464485,315.00000015594054,0.5295505035971223,3.3096906474820145,577.6576770771813,1462.061547852433,196.6103332210788,316.09492351230966,598.2080988807678,0.21619809643213006,0.24952414491570785,0.1321356365997544,0.3974148669973679,3.076422548598292,4.098493942408494,k0_315,315.0,152.845298329956
clausius,3.5073713953624717,436.714809276499,2.1436242133464485,315.00000015594054,0.5353047482014388,3.3456546762589925,586.0806405832643,1465.4587726964128,198.41424455279733,311.28847872354993,582.5636887548208,0.2124170836623304,0.25697940900314864,0.13756229782938503,0.3977424503720538,3.1300509099963243,4.1333515401412235,k0_315,315.0,156.85417895586875
clausius,3.5073713953624717,436.714809276499,2.1436242133464485,315.00000015594054,0.5410589928057553,3.3816187050359705,594.5228935484546,1468.7710485923772,200.19279331924056,307.2309651638758,568.6824343222802,0.2091755317878277,0.2643051272599441,0.14300466594866235,0.39805432685709297,3.182472109787625,4.167796774589593,k0_315,315.0,160.81344077741483
clausius,3.5073713953624717,436.714809276499,2.1436242133464485,315.00000015594054,0.5468132374100719,3.4175827338129494,602.9839763459424,1472.0078600388624,201.95000879994373,303.8318458037811,556.3345467275522,0.20640640179445757,0.2715019177300636,0.14846084259701908,0.39835239481305285,3.2337386091940257,4.201844403934477,k0_315,315.0,164.7238096903393
clausius,3.5073713953624717,436.714809276499,2.1436242133464485,315.00000015594054,0.5525674820143884,3.4535467625899274,611.463480120735,1475.1774635409786,203.68943883791246,301.0129766151908,545.323001762637,0.20405204394368043,0.2785727064154295,0.15393021894190737,0.39863726307248104,3.2839099690648927,4.235500005545013,k0_315,315.0,168.58607323695696
clausius,3.5073713953624717,436.714809276499,2.1436242133464485,315.00000015594054,0.5583217266187049,3.489510791366906,619.9610402659224,1478.2870612502973,205.41421339297816,298.70633114644505,535.4783625033493,0.2020624674167187,0.2855193809094718,0.15941167373248,0.39891005288622494,3.3330360822535674,4.268773672151018,k0_315,315.0,172.40106574486367
clausius,3.5073713953624717,436.714809276499,2.1436242133464485,315.00000015594054,0.5640759712230216,3.525474820143885,628.476330812396,1481.3429474553352,207.12709742646172,296.8523899625074,526.6545203239317,0.20039410217090053,0.2923436948081066,0.16490405357980936,0.3991719176432122,3.3811624191444336,4.301676182357187,k0_315,315.0,176.16965599463924
clausius,3.5073713953624717,436.714809276499,2.1436242133464485,315.00000015594054,0.5698302158273381,3.561438848920863,637.0090595909969,1484.350632702658,208.83053591941862,295.3989195701458,518.725179055658,0.1990088548231309,0.29904828652151216,0.17040674965134892,0.3994234661759891,3.4283354005068682,4.334214621931884,k0_315,315.0,179.89273699030105
clausius,3.5073713953624717,436.714809276499,2.1436242133464485,315.00000015594054,0.5755844604316546,3.597402877697841,645.5589640506821,1487.3149493555,210.5266927045766,294.29999187376035,511.580919031539,0.19787335022840302,0.30563514688979054,0.17591884111150957,0.399665619320145,3.474595192834558,4.3663987255821075,k0_315,315.0,183.5712174830967
clausius,3.5073713953624717,436.714809276499,2.1436242133464485,315.00000015594054,0.5813387050359712,3.6333669064748197,654.1258076354934,1490.2401416651303,212.2174841999986,293.51516562474967,505.1267500987704,0.1969583004902743,0.31210690352629,0.18143982312876022,0.39989888190721096,3.519982276585872,4.398235408233672,k0_315,315.0,187.20601495993355
clausius,3.5073713953624717,436.714809276499,2.1436242133464485,315.00000015594054,0.5870929496402877,3.6693309352517978,662.7093766393072,1493.1299428491334,213.90460882073918,293.0087877352847,499.2800427009292,0.19623796919923564,0.31846572673730267,0.18696898286954086,0.4001239667707468,3.564532444458556,4.429733327549389,k0_315,315.0,190.79804985794794
clausius,3.5073713953624717,436.714809276499,2.1436242133464485,315.00000015594054,0.5928471942446043,3.7052949640287767,671.3094774698596,1495.987641227105,215.5895726716848,292.74939016064724,493.9687934114215,0.19568971166133123,0.32471444568603614,0.1925060480556585,0.4003411461889458,3.60828233563553,4.460898103081117,k0_315,315.0,194.34824080635258
clausius,3.5073713953624717,436.714809276499,2.1436242133464485,315.00000015594054,0.5986014388489208,3.741258992805755,679.9259342646178,1498.816137117739,217.27371201823692,292.7091666888477,489.1301483721432,0.19529357833825753,0.33085458991913436,0.19805003357536347,0.40055140527355737,3.651260506180468,4.491740633251609,k0_315,315.0,197.85750073050235
clausius,3.5073713953624717,436.714809276499,2.1436242133464485,315.00000015594054,0.6043556834532374,3.777223021582734,688.5585868096043,1501.617991875201,218.9582129577914,292.86351819087747,484.7091477001366,0.1950319720298192,0.33688943283582395,0.20360104342966792,0.40075464002356953,3.693501760873044,4.522264064206912,k0_315,315.0,201.32673367980692
clausius,3.5073713953624717,436.714809276499,2.1436242133464485,315.00000015594054,0.6101099280575538,3.813187050359711,697.2072887196027,1504.3954702640003,220.64412865693893,293.1906570264179,480.6576657703616,0.19488935111920208,0.3428203392341649,0.20915809250682252,0.40095183555073133,3.7350304682937057,4.552479409979861,k0_315,315.0,204.7568322635666
clausius,3.5073713953624717,436.714809276499,2.1436242133464485,315.00000015594054,0.6158641726618704,3.84915107913669,705.871905844654,1507.1505771407012,222.33239447025196,293.67126281762467,476.93349211984287,0.19485197250480749,0.348650222465067,0.21472118080682556,0.4011429918550449,3.775876572638315,4.582390697303973,k0_315,315.0,208.1486755979888
clausius,3.5073713953624717,436.714809276499,2.1436242133464485,315.00000015594054,0.6216184172661869,3.885115107913668,714.5523148724117,1509.885089257976,224.02384121596123,294.28818286248736,473.49955524258604,0.1949076687730677,0.35438144999032856,0.22029003605148442,0.4013283812147025,3.8160661263255005,4.6120039421948995,k0_315,315.0,211.50312768231402
clausius,3.5073713953624717,436.714809276499,2.1436242133464485,315.00000015594054,0.6273726618705036,3.921079136690647,723.2484021006554,1512.6005829030694,225.71920684695314,295.02617122175906,470.3232509886159,0.19504565485194247,0.360015765964116,0.2258640494082557,0.4015086124622479,3.8556211675084664,4.641327514489323,k0_315,315.0,214.82103613552363
clausius,3.5073713953624717,436.714809276499,2.1436242133464485,315.00000015594054,0.6331269064748201,3.9570431654676255,731.9600623577238,1515.2984579534655,227.4191467237312,295.87166133672423,467.37586884795905,0.1952563600812497,0.3655553319468203,0.23144291646086632,0.4016839900139537,3.894564487745642,4.670367623271578,k0_315,315.0,218.103231235576
clausius,3.5073713953624717,436.714809276499,2.1436242133464485,315.00000015594054,0.6388811510791367,3.9930071942446044,740.6871980518713,1517.979958847177,229.1242426685872,296.8125676929119,464.6320933143105,0.19553128219052698,0.3710028087150693,0.23702670148547622,0.40185444959366046,3.9329200131923656,4.699127923765528,k0_315,315.0,221.35052521235548
clausius,3.5073713953624717,436.714809276499,2.1436242133464485,315.00000015594054,0.6446353956834533,4.028971223021583,749.4297183330381,1520.6461928884078,230.83501095601179,297.83811264599177,462.06957634224074,0.19586286017016225,0.37635976772637325,0.2426148277876232,0.40202056789583007,3.970705946952788,4.727616467521533,k0_315,315.0,224.56371175287404
clausius,3.5073713953624717,436.714809276499,2.1436242133464485,315.00000015594054,0.6503896402877698,4.064935251798561,758.1875383528766,1523.29814626101,232.55190937389324,298.9386750112359,459.66856826600065,0.19624436341959162,0.3816282539558086,0.24820706281396804,0.40218257747380176,4.007941717646396,4.7558388789199135,k0_315,315.0,227.743565683812
clausius,3.5073713953624717,436.714809276499,2.1436242133464485,315.00000015594054,0.6561438848920864,4.10089928057554,766.9605786108137,1525.9366980535162,234.27534347142168,300.1056575286894,457.4115956575152,0.1966697949603702,0.38681053452383996,0.2538033668396569,0.40234051805242954,4.044646905283594,4.783799434844024,k0_315,315.0,230.89084280188467
clausius,3.5073713953624717,436.714809276499,2.1436242133464485,315.00000015594054,0.6618981294964028,4.136863309352518,775.7487643754826,1528.5626325581334,236.00567209501187,301.33137071610486,455.28318365795604,0.19713380681811532,0.3919087606213518,0.2594036755885263,0.4024944539078765,4.080839839106498,4.811502551222669,k0_315,315.0,234.0062798269298
clausius,3.5073713953624717,436.714809276499,2.1436242133464485,315.00000015594054,0.6676523741007195,4.172827338129497,784.5520251723289,1531.176650067121,237.7432122995306,302.6089309162493,453.2696112742677,0.19763162591526198,0.3969242899212966,0.26500744450419594,0.4026449295965236,4.116534808448713,4.838955810623568,k0_315,315.0,237.0905944565311
clausius,3.5073713953624717,436.714809276499,2.1436242133464485,315.00000015594054,0.6734066187050359,4.208791366906475,793.370294329291,1533.7793763759223,239.48824371089754,303.93217071430246,451.35870669263664,0.19815898909297244,0.40185924235056836,0.2706146735866638,0.40279194511837213,4.151748739190292,4.866163068395309,k0_315,315.0,240.14448550408633
clausius,3.5073713953624717,436.714809276499,2.1436242133464485,315.00000015594054,0.6791608633093525,4.244755395683454,802.203508573775,1536.371371149361,241.24101240635255,305.2935669243886,449.53965675511444,0.19871078871770315,0.406715418218872,0.2762251945587535,0.40293566875059905,4.186496629759159,4.893129251777796,k0_315,315.0,243.16863310537587
clausius,3.5073713953624717,436.714809276499,2.1436242133464485,315.00000015594054,0.684915107913669,4.280719424460432,811.0516076746163,1538.9531352937533,243.00171143131197,306.68948064294386,447.8028519178288,0.19928448346440608,0.4114948030259953,0.2818390074204635,0.4030761004932055,4.220793726192385,4.919858116216586,k0_315,315.0,246.16369898040898
clausius,3.5073713953624717,436.714809276499,2.1436242133464485,315.00000015594054,0.6906693525179856,4.31668345323741,819.9145341238951,1541.5251174683106,244.77054498473314,308.1206099978572,446.13974226475926,0.19988036945119142,0.4161989218800869,0.2874558398936033,0.40321351262438226,4.254652869909676,4.946355147653346,k0_315,315.0,249.1303267398764
clausius,3.5073713953624717,436.714809276499,2.1436242133464485,315.00000015594054,0.6964235971223022,4.352647482014389,828.7922328538373,1544.087719836802,246.54771414642977,309.5812670095425,444.54271727796737,0.20049461117549902,0.42082924948408007,0.29307541969998174,0.40334817742232043,4.288086265476345,4.972625744295959,k0_315,315.0,252.06914222679507
clausius,3.5073713953624717,436.714809276499,2.1436242133464485,315.00000015594054,0.7021778417266187,4.388611510791367,837.6846509848199,1546.6413031605707,248.33335765530742,311.0642485029808,443.0049972745411,0.20112242435742478,0.42538736031308083,0.29869757856242257,0.4034802631641961,4.321106129457876,4.998674543455381,k0_315,315.0,254.98075388564962
clausius,3.5073713953624717,436.714809276499,2.1436242133464485,315.00000015594054,0.7079320863309353,4.4245755395683455,846.591737600887,1549.18619130248,250.1275936935179,312.5661847977301,441.5205371458084,0.20176153554205112,0.4298752530561802,0.3043224847581004,0.4036096015728349,4.3537260312080015,5.0245039429986225,k0_315,315.0,257.8657531523904
clausius,3.5073713953624717,436.714809276499,2.1436242133464485,315.00000015594054,0.7136863309352518,4.4605395683453235,855.5134435495879,1551.7226752254478,251.93052222003573,314.08408856921415,440.0839469823161,0.20240993676500943,0.4342945811260788,0.30995010614893326,0.40373622478631854,4.385957754935442,5.050117589278972,k0_315,315.0,260.72471485964775
clausius,3.5073713953624717,436.714809276499,2.1436242133464485,315.00000015594054,0.7194405755395684,4.496503597122302,864.4497212635104,1554.251016543132,253.74222703742007,315.61531115588645,438.69041578550866,0.20306585474067007,0.43864599889252337,0.3155797299013659,0.4038608456382025,4.41780870911352,5.075523399584373,k0_315,315.0,263.55819765265187
clausius,3.5073713953624717,436.714809276499,2.1436242133464485,315.00000015594054,0.7251948201438849,4.53246762589928,873.4005246009816,1556.7714506656564,255.56277762255263,317.15750399156053,437.3356470042858,0.20372772371689363,0.4429321501817969,0.3212121009870324,0.4039827191568525,4.449294071121965,5.100719911783837,k0_315,315.0,266.3667444117864
clausius,3.5073713953624717,436.714809276499,2.1436242133464485,315.00000015594054,0.7309490647482015,4.568431654676259,882.3658087038042,1559.2841896036678,257.39223074954396,318.7085845948196,436.0158042449387,0.20439416157732454,0.44715374344994124,0.3268466105733918,0.4041024541748097,4.4804208920252195,5.1257142308573895,k0_315,315.0,269.15088267848455
clausius,3.5073713953624717,436.714809276499,2.1436242133464485,315.00000015594054,0.736703309352518,4.604395683453237,891.3455298702277,1561.7894244628012,259.23063192906085,320.2545523571703,434.7274579459079,0.2050561665618438,0.45131215027613436,0.3324831546594291,0.4042201546930889,4.511198657442623,5.150510162534892,k0_315,315.0,271.9111250818505
clausius,3.5073713953624717,436.714809276499,2.1436242133464485,315.00000015594054,0.7424575539568344,4.640359712230215,900.3396454413913,1564.2878803427182,261.077876809362,321.8118939177753,433.65963774957527,0.20572421352984585,0.455408979872559,0.3381218372461574,0.40433571671067703,4.541637556433288,5.175110144026135,k0_315,315.0,274.6479697635832
clausius,3.5073713953624717,436.714809276499,2.1436242133464485,315.00000015594054,0.748211798561151,4.676323741007194,909.3481200603472,1566.7791008700472,262.9342006374233,323.3867262127295,432.2126699641135,0.2064022465152553,0.4594452890431019,0.34376238605538717,0.4044494125057639,4.57174534213397,5.199518905168558,k0_315,315.0,277.3619093003738
clausius,3.5073713953624717,436.714809276499,2.1436242133464485,315.00000015594054,0.7539660431654676,4.712287769784172,918.3709058160662,1569.2626525779365,264.7995694581964,324.9595405716167,430.99418989935833,0.20707785279779847,0.4634226866469251,0.3494049693642925,0.40456107380117506,4.601531755004583,5.223738362157675,k0_315,315.0,280.05340458087153
clausius,3.5073713953624717,436.714809276499,2.1436242133464485,315.00000015594054,0.7597202877697842,4.748251798561151,927.4079623630514,1571.739258525877,266.67399400333414,326.5335730849318,429.7985355550266,0.2077530171201458,0.4673420683035804,0.3550492506185222,0.40467103715126196,4.631003506501135,5.247773501567136,k0_315,315.0,282.7229124886569
clausius,3.5073713953624717,436.714809276499,2.1436242133464485,315.00000015594054,0.7654745323741007,4.784215827338129,936.4592501115962,1574.209043545423,268.55747756030075,328.10791715245017,428.6234431329592,0.2084271580688469,0.4712051820375234,0.36069556637242617,0.4047789660016745,4.660170493953827,5.271625090485055,k0_315,315.0,285.3708771566712
clausius,3.5073713953624717,436.714809276499,2.1436242133464485,315.00000015594054,0.7712287769784173,4.820179856115108,945.5247301528266,1576.672120152687,270.4500204271502,329.6828781784335,427.4668959591658,0.20910046798221216,0.47501267440751993,0.36634344393255874,0.40488533304585855,4.689038097191455,5.295298815127764,k0_315,315.0,287.997730345696
clausius,3.5073713953624717,436.714809276499,2.1436242133464485,315.00000015594054,0.7769830215827338,4.856143884892086,954.6043641919262,1579.1285898958492,272.35162940608836,331.2612578348702,426.32709858857703,0.20977472002879663,0.4787662143446972,0.3719932198532696,0.4049898017294642,4.7176155575198315,5.318795339298757,k0_315,315.0,290.60389181654614
clausius,3.5073713953624717,436.714809276499,2.1436242133464485,315.00000015594054,0.7827372661870504,4.892107913669065,963.698114488687,1581.5785445654726,274.26233703818104,332.8505135415055,425.2024550162287,0.21045462122967393,0.482466172849489,0.37764425316393796,0.40509301302311246,4.745906881618475,5.3421212210591795,k0_315,315.0,293.1897696952026
clausius,3.5073713953624717,436.714809276499,2.1436242133464485,315.00000015594054,0.7884915107913669,4.928071942446043,972.8059438046636,1584.0220672573885,276.1822359492688,334.4646608954709,424.09153921807837,0.2111489907931463,0.4861141498330386,0.3832968804189135,0.4051946303724534,4.773920745739531,5.365277010902711,k0_315,315.0,295.7557608303355
clausius,3.5073713953624717,436.714809276499,2.1436242133464485,315.00000015594054,0.7942457553956834,4.964035971223021,981.9278153559552,1586.4592333244254,278.11151997876567,336.116326647586,422.9930860076272,0.21186571932469656,0.48971127510077184,0.38895110161819585,0.4052946537774876,4.801663848814095,5.3882652604636165,k0_315,315.0,298.3022511423694
clausius,3.5073713953624717,436.714809276499,2.1436242133464485,315.00000015594054,0.8,5.0,991.0636927713141,1588.8932390072425,280.0504270673379,337.7886676301167,422.99308600761896,0.21259368429383632,0.4932584356057616,0.3946067484846093,0.40539325151539074,4.829141823790161,5.411089474738372,k0_315,315.0,300.8296159641425
